text1, text2,  similarity
зеленню зі картопляні смаком сметани із,барбекю зі картопляні крилець смаком хвилясті,0.321581
зі картопляні муп смаком стейк техаський хвилясті,барбекю зі картопляні крилець смаком хвилясті,0.426131
зі картопляні муп смаком стейк техаський хвилясті,зеленню зі картопляні смаком сметани із,0.392667
в лисички муп сметані хвилясті,зі картопляні муп смаком стейк техаський хвилясті,0.439623
в лисички муп сметані хвилясті,барбекю зі картопляні крилець смаком хвилясті,0.432000
зі картопляні сиру смаком,васабі зі картопляні рифлені смаком,0.477226
зі картопляні крабу смаком,васабі зі картопляні рифлені смаком,0.408378
зі картопляні крабу смаком,зі картопляні сиру смаком,0.465190
зі картопляні паприки смаком,васабі зі картопляні рифлені смаком,0.400878
зі картопляні паприки смаком,зі картопляні сиру смаком,0.368124
зі картопляні паприки смаком,зі картопляні крабу смаком,0.331965
бекону зі картопляні смаком,васабі зі картопляні рифлені смаком,0.454853
бекону зі картопляні смаком,зі картопляні сиру смаком,0.364793
бекону зі картопляні смаком,зі картопляні крабу смаком,0.456459
бекону зі картопляні смаком,зі картопляні паприки смаком,0.476278
зеленню зі картопляні смаком сметани із,васабі зі картопляні рифлені смаком,0.307884
зеленню зі картопляні смаком сметани із,зі картопляні сиру смаком,0.453822
зеленню зі картопляні смаком сметани із,зі картопляні крабу смаком,0.310320
зеленню зі картопляні смаком сметани із,зі картопляні паприки смаком,0.394426
зі картопляні крабу муп смаком,зі картопляні крабу смаком,0.350384
зі картопляні крабу муп смаком,зі картопляні муп смаком стейк техаський хвилясті,0.408303
зі картопляні крабу муп смаком,в лисички муп сметані хвилясті,0.351000
зі картопляні крабу муп смаком,барбекю зі картопляні крилець смаком хвилясті,0.373352
зелень зі картопляні муп смаком сметана та,зі картопляні крабу муп смаком,0.483198
зелень зі картопляні муп смаком сметана та,зі картопляні муп смаком стейк техаський хвилясті,0.349660
зелень зі картопляні муп смаком сметана та,в лисички муп сметані хвилясті,0.387000
зелень зі картопляні муп смаком сметана та,барбекю зі картопляні крилець смаком хвилясті,0.415395
барбекю зі картопляні смаком,зі картопляні сиру смаком чіпси,0.331646
chippito mr зі картопляні куп смаком сметани та цибулі,зеленню зі картопляні смаком сметани із,0.372877
chippito mr зі картопляні куп смаком сметани та цибулі,барбекю зі картопляні крилець смаком хвилясті,0.393088
chippito mr зі картопляні куп смаком сметани та цибулі,зі картопляні муп смаком стейк техаський хвилясті,0.412961
chippito mr з картопляні куп морською оригінальні сіллю,chippito mr зі картопляні куп смаком сметани та цибулі,0.373280
chippito mr з картопляні куп морською оригінальні сіллю,барбекю зі картопляні смаком,0.396000
chippito mr з картопляні куп морською оригінальні сіллю,барбекю зі картопляні крилець смаком хвилясті,0.432000
chippito mr з картопляні куп морською оригінальні сіллю,зеленню зі картопляні смаком сметани із,0.423000
зі картопляні крабу муп смаком,зелені зі картопляні муп смаком сметани та,0.418063
гриль зі картопляні муп реберець смаком,зелені зі картопляні муп смаком сметани та,0.395888
гриль зі картопляні муп реберець смаком,зі картопляні крабу муп смаком,0.441975
baked запечені зі картопляні лисичок муп смаком сметані у,baked з запечені зі йогурту картопляні муп смаком травами,0.478169
сир цибуля чеддер чіпси і,зелені зі картопляні муп смаком сметани та,0.315000
сир цибуля чеддер чіпси і,зі картопляні крабу муп смаком,0.378000
max зі картопляні лобстера муп рифлені смаком,зелені зі картопляні муп смаком сметани та,0.372401
max зі картопляні лобстера муп рифлені смаком,зі картопляні крабу муп смаком,0.324876
max зі картопляні лобстера муп рифлені смаком,гриль зі картопляні муп реберець смаком,0.488410
max зі картопляні лобстера муп рифлені смаком,baked з запечені зі йогурту картопляні муп смаком травами,0.465820
зі кукурудзяні начо сиру смаком,барбекю зі кукурудзяні начо смаком,0.347020
зі лисичок муп смаком хвилясті,зі муп смаком сметана та хвилясті цибуля,0.383742
вершках зі лосося смаком у чіпси,зі муп смаком сметана та хвилясті цибуля,0.432000
вершках зі лосося смаком у чіпси,зі лисичок муп смаком хвилясті,0.429795
зі муп паприки смаком хвилясті,зі муп смаком сметана та хвилясті цибуля,0.476183
зі муп паприки смаком хвилясті,зі лисичок муп смаком хвилясті,0.368857
зі муп паприки смаком хвилясті,вершках зі лосося смаком у чіпси,0.441000
зі картопляні паприки смаком,зі картопляні сиру смаком чіпси,0.470181
зі картопляні смаком сметани та цибулі чіпси,зі картопляні сиру смаком чіпси,0.399009
зі картопляні смаком сметани та цибулі чіпси,зі картопляні паприки смаком,0.409306
max зі рифлені смаком сметанацибуля,deepcut max зі сальси смаком,0.432000
baked oven з зі йогурту смаком травами,baked з запечені зі йогурту картопляні муп смаком травами,0.349591
baked oven з зі йогурту смаком травами,baked запечені зі картопляні лисичок муп смаком сметані у,0.432000
max зі королівський рифлені сир смаком,max зі рифлені смаком сметанацибуля,0.395985
max зі королівський рифлені сир смаком,deepcut max зі сальси смаком,0.349368
зі картопляні паприки смаком,зелені зі картопляні муп смаком сметани та,0.360146
зі картопляні паприки смаком,зі картопляні крабу муп смаком,0.302608
зі картопляні сиру смаком,зелені зі картопляні муп смаком сметани та,0.439069
зі картопляні сиру смаком,зі картопляні крабу муп смаком,0.314772
max зі лобстера рифлені смаком,max зі рифлені смаком сметанацибуля,0.351339
max зі лобстера рифлені смаком,max зі королівський рифлені сир смаком,0.462423
max зі лобстера рифлені смаком,deepcut max зі сальси смаком,0.362941
зі картопляні ковбаски смаком та цибулька чорізо,з зі картопляні макарони сиром смаком,0.312492
з картопляні сіллю,зелені зі картопляні муп смаком сметани та,0.378000
з картопляні сіллю,зі картопляні крабу муп смаком,0.477889
з картопляні сіллю,зі картопляні паприки смаком,0.450405
з картопляні сіллю,зі картопляні сиру смаком,0.423873
з запечені зі карамеллю картопляні смаком яблучка,з зі картопляні макарони сиром смаком,0.330482
з запечені зі карамеллю картопляні смаком яблучка,зі картопляні ковбаски смаком та цибулька чорізо,0.471522
зі картопляні краба смаком,зелені зі картопляні муп смаком сметани та,0.340971
зі картопляні краба смаком,зі картопляні крабу муп смаком,0.421120
зі картопляні краба смаком,зі картопляні паприки смаком,0.442979
зі картопляні краба смаком,зі картопляні сиру смаком,0.325975
зелені зі картопляні смаком сметани та,зелені зі картопляні муп смаком сметани і,0.9
зелені зі картопляні смаком сметани та,зелені зі картопляні муп смаком сметани та,0.9
зелені зі картопляні смаком сметани та,зі картопляні крабу муп смаком,0.381901
зелені зі картопляні смаком сметани та,зі картопляні паприки смаком,0.441700
зелені зі картопляні смаком сметани та,зі картопляні сиру смаком,0.406332
зі картопляні краба смаком,зелені зі картопляні муп смаком сметани і,0.382900
зі картопляні краба смаком,зелені зі картопляні смаком сметани та,0.393401
зі картопляні сиру смаком,зелені зі картопляні муп смаком сметани і,0.352292
max зі рифлені смаком сметани та цибулі,max strong зі лайму смаком та чилі,0.446568
baked oven зі лисичок смаком сметані у,baked запечені зі картопляні лисичок муп смаком сметані у,0.324310
baked oven зі лисичок смаком сметані у,baked oven з зі йогурту смаком травами,0.332606
baked oven зі лисичок смаком сметані у,baked з запечені зі йогурту картопляні муп смаком травами,0.396000
бекону зі картопляні смаком,зелені зі картопляні муп смаком сметани та,0.419617
бекону зі картопляні смаком,зі картопляні крабу муп смаком,0.486648
зі картопляні крабу смаком,зеленню картопляні смак сметани із,0.446838
зі картопляні сиру смаком,зеленню картопляні смак сметани із,0.474746
зі сиру смаком,зі картопляні сиру смаком чіпси,0.339106
зі кукурудзяні сиру смаком,барбекю зі кукурудзяні смаком,0.415999
зі кукурудзяні смаком сметани,барбекю зі кукурудзяні смаком,0.374058
зі кукурудзяні смаком сметани,зі кукурудзяні сиру смаком,0.462275
зі краба кукурудзяні смаком снеки,зі кукурудзяні сиру смаком снеки,0.453228
з зі коричневого рису смаком хумусу,з з коричневого паприкою рису,0.484151
favore грибів зі смаком,favore зелені зі смаком сметани та,0.371439
лавка нутові оригінальні традицій хлібці,вяленими з лавка нутові томатами традицій хлібці,0.401491
з кмином лавка нутові традицій хлібці,вяленими з лавка нутові томатами традицій хлібці,0.417467
з кмином лавка нутові традицій хлібці,лавка нутові оригінальні традицій хлібці,0.342645
mood snack вироби зі сиру смаком снек фігурні,mood snack барб крикурячих пшенкарт смак снек,0.433839
mood snack бекону зі пшеничні смаком снек,mood snack барб крикурячих пшенкарт смак снек,0.305479
mood snack бекону зі пшеничні смаком снек,mood snack вироби зі сиру смаком снек фігурні,0.371505
з зеленню зі картопляні смаком сметани,зі картопляні крабу смаком,0.462503
baked oven гриль зі овочів смаком,baked oven з зі йогурту смаком травами,0.385753
baked oven гриль зі овочів смаком,baked oven зі лисичок смаком сметані у,0.488026
baked oven гриль зі овочів смаком,baked з запечені зі йогурту картопляні муп смаком травами,0.396000
baked oven гриль зі овочів смаком,baked запечені зі картопляні лисичок муп смаком сметані у,0.360000
max зі лобстера рифлені смаком,max зі рифлені смаком сметани та цибулі,0.317019
max зі лобстера рифлені смаком,max strong зі лайму смаком та чилі,0.368618
зеленої зі картопляні смаком цибулі,зелені зі картопляні муп смаком сметани та,0.380697
зеленої зі картопляні смаком цибулі,зі картопляні крабу муп смаком,0.367802
зеленої зі картопляні смаком цибулі,зі картопляні паприки смаком,0.391519
зеленої зі картопляні смаком цибулі,зі картопляні сиру смаком,0.463199
max strong зі лайму смаком та чилі,deepcut max зі сальси смаком,0.432000
max strong зі лайму смаком та чилі,max зі рифлені смаком сметанацибуля,0.470995
max strong зі лайму смаком та чилі,max зі королівський рифлені сир смаком,0.396000
бекону зі картопляні смаком,зелені зі картопляні муп смаком сметани і,0.344713
бекону зі картопляні смаком,зелені зі картопляні смаком сметани та,0.426892
бекону зі картопляні смаком,зі картопляні краба смаком,0.403899
білих грибів зі зі картопляні смаком сметаною,зелені зі картопляні муп смаком сметани та,0.461208
білих грибів зі зі картопляні смаком сметаною,зі картопляні крабу муп смаком,0.482401
білих грибів зі зі картопляні смаком сметаною,зі картопляні паприки смаком,0.349548
білих грибів зі зі картопляні смаком сметаною,зі картопляні сиру смаком,0.405097
paysanne зі сиру смаком,paysanne зі нормандської оцту сидрового смаком солі та,0.414708
paysanne зі сиру смаком,зі картопляні сиру смаком,0.417268
paysanne зі карамелізованої смаком цибулі,paysanne зі нормандської оцту сидрового смаком солі та,0.340113
paysanne зі карамелізованої смаком цибулі,paysanne зі сиру смаком,0.329257
paysanne зі карамелізованої смаком цибулі,зеленої зі картопляні смаком цибулі,0.338809
paysanne гірчиці діжонської зі курки меду смаком та,paysanne зі нормандської оцту сидрового смаком солі та,0.481770
paysanne гірчиці діжонської зі курки меду смаком та,paysanne зі сиру смаком,0.413276
paysanne гірчиці діжонської зі курки меду смаком та,paysanne зі карамелізованої смаком цибулі,0.476801
з картопляні сіллю,зелені зі картопляні муп смаком сметани і,0.423000
з картопляні сіллю,зелені зі картопляні смаком сметани та,0.456520
з картопляні сіллю,зі картопляні краба смаком,0.372126
з картопляні сіллю,барбекю зі картопляні смаком,0.337457
зі картопляні лобстера рифлені смаком,зелені зі картопляні муп смаком сметани та,0.441000
зі картопляні лобстера рифлені смаком,зі картопляні крабу муп смаком,0.313439
зі картопляні лобстера рифлені смаком,зі картопляні паприки смаком,0.488757
зі картопляні лобстера рифлені смаком,зі картопляні сиру смаком,0.324379
зі картопляні рифлені смаком сметани та цибулі,зеленої зі картопляні смаком цибулі,0.304988
зі картопляні рифлені смаком сметани та цибулі,paysanne зі карамелізованої смаком цибулі,0.330282
зі картопляні рифлені смаком сметани та цибулі,зі картопляні лобстера рифлені смаком,0.466599
зі картопляні рифлені смаком сметани та цибулі,зелені зі картопляні муп смаком сметани та,0.402120
гострим з картопляні смаком шалено,з зі картопляні макарони сиром смаком,0.470685
гострим з картопляні смаком шалено,зі картопляні ковбаски смаком та цибулька чорізо,0.413863
гострим з картопляні смаком шалено,з запечені зі карамеллю картопляні смаком яблучка,0.452018
berry goji безалкогольний газований зб,black cherry безалкогольний газований зб,0.442728
energy безаолкогольни виноград зб,energy безаолкогольни вишня зб,0.415713
unicorn безалкогольний зб сильногазований,mix безалкогольний зб сильногазований,0.397167
juiced lemonade peach безалкогольний зб,mix безалкогольний зб сильногазований,0.406970
juiced lemonade peach безалкогольний зб,unicorn безалкогольний зб сильногазований,0.303659
cola taste безалкогольний зб сильногазований,mix безалкогольний зб сильногазований,0.363759
cola taste безалкогольний зб сильногазований,unicorn безалкогольний зб сильногазований,0.392503
cola taste безалкогольний зб сильногазований,juiced lemonade peach безалкогольний зб,0.378202
exotic безалкогольний зб сильногазований,mix безалкогольний зб сильногазований,0.403403
exotic безалкогольний зб сильногазований,unicorn безалкогольний зб сильногазований,0.337308
exotic безалкогольний зб сильногазований,cola taste безалкогольний зб сильногазований,0.323808
exotic безалкогольний зб сильногазований,juiced lemonade peach безалкогольний зб,0.327710
apple juiced sour безалкогольний зб,juiced lemonade peach безалкогольний зб,0.337471
apple juiced sour безалкогольний зб,mix безалкогольний зб сильногазований,0.307107
apple juiced sour безалкогольний зб,unicorn безалкогольний зб сильногазований,0.476243
apple juiced sour безалкогольний зб,cola taste безалкогольний зб сильногазований,0.444082
безалкогольний воля зб середньогазований,безалкогольний воля зб ківіполуниця,0.381372
воля зб мікс ягідний,безалкогольний воля зб ківіполуниця,0.396000
воля зб мікс ягідний,безалкогольний воля зб середньогазований,0.387000
green stalker безалкогольний зб сильногазований,безалкогольний еволюшн сильногазований фреш,0.396674
boost безалкогольний зб сильногазований,безалкогольний еволюшн сильногазований фреш,0.356751
boost безалкогольний зб сильногазований,green stalker безалкогольний зб сильногазований,0.462422
безалкогольний сильногазований,безалкогольний еволюшн сильногазований фреш,0.453603
безалкогольний сильногазований,green stalker безалкогольний зб сильногазований,0.370012
безалкогольний сильногазований,boost безалкогольний зб сильногазований,0.307186
evolution fresh jungle безалкогольний зб,boost безалкогольний зб сильногазований,0.403782
безалкогольний зі смаком тропічних фруктів,безалкогольний,0.356438
безалкогольний зб,sugar zero безалкогольний зб,0.410197
coconut mango безалкогольний зб,sugar zero безалкогольний зб,0.481566
coconut mango безалкогольний зб,безалкогольний зб,0.365994
cactus kiwi безалкогольний зб,sugar zero безалкогольний зб,0.455046
cactus kiwi безалкогольний зб,безалкогольний зб,0.456452
cactus kiwi безалкогольний зб,coconut mango безалкогольний зб,0.466307
безалкогольний зб сильногазований,exotic безалкогольний зб сильногазований,0.395385
loco mango енергетичний жб напій,ultra енергетичний жб напій,0.350062
energy енергетичний жб напій,ultra енергетичний жб напій,0.455522
energy енергетичний жб напій,loco mango енергетичний жб напій,0.466486
cactus dog wild безалкогольний енергетичний напій пет,dog wild безалкогольний енергетичний напій пет,0.370853
boost безалкогольний енергетичний жб напій сильногазований,boost безалкогольний зб сильногазований,0.358150
boost безалкогольний енергетичний жб напій сильногазований,evolution fresh jungle безалкогольний зб,0.342000
безалкогольний енергетичний напій сильногазований,безалкогольний еволюшн сильногазований фреш,0.351701
безалкогольний енергетичний напій сильногазований,green stalker безалкогольний зб сильногазований,0.400740
безалкогольний енергетичний напій сильногазований,boost безалкогольний зб сильногазований,0.386268
безалкогольний енергетичний напій сильногазований,безалкогольний сильногазований,0.452966
zoom безалкогольний енергетичний жб напій сильногазований,безалкогольний енергетичний напій сильногазований,0.382891
zoom безалкогольний енергетичний жб напій сильногазований,безалкогольний еволюшн сильногазований фреш,0.362478
zoom безалкогольний енергетичний жб напій сильногазований,green stalker безалкогольний зб сильногазований,0.486635
zoom безалкогольний енергетичний жб напій сильногазований,boost безалкогольний зб сильногазований,0.318657
jungle безалкогольний енергетичний напій сильногазований,безалкогольний енергетичний напій сильногазований,0.441595
jungle безалкогольний енергетичний напій сильногазований,zoom безалкогольний енергетичний жб напій сильногазований,0.359439
jungle безалкогольний енергетичний напій сильногазований,безалкогольний еволюшн сильногазований фреш,0.430337
jungle безалкогольний енергетичний напій сильногазований,green stalker безалкогольний зб сильногазований,0.321492
безалкогольний енергетичний напій сильногазований,boost безалкогольний енергетичний жб напій сильногазований,0.421830
безалкогольний енергетичний напій сильногазований,evolution fresh jungle безалкогольний зб,0.315000
eнepгeтичний juiced lemonade peach бeзaлкoгoльний гaзoвaний жб напій,juiced lemonade peach безалкогольний зб,0.483064
eнepгeтичний juiced lemonade peach бeзaлкoгoльний гaзoвaний жб напій,apple juiced sour безалкогольний зб,0.414000
apple eнepгeтичний juiced sour бeзaлкoгoльний гaзoвaний жб напій,eнepгeтичний juiced lemonade peach бeзaлкoгoльний гaзoвaний жб напій,0.424857
apple eнepгeтичний juiced sour бeзaлкoгoльний гaзoвaний жб напій,apple juiced sour безалкогольний зб,0.340805
apple eнepгeтичний juiced sour бeзaлкoгoльний гaзoвaний жб напій,juiced lemonade peach безалкогольний зб,0.369000
eнepгeтичний жб зі нaпій смаком яблукоківі,безалкогольний енергетичний жб напій сильногазований,0.446796
eнepгeтичний maracuja spritz бeзaлкoгoльний гaзoвaний жб нaпій,eнepгeтичний sparkler бeзaлкoгoльний винограду гaзoвaний жб зі нaпій смаком,0.423458
classic plus безалкогольний газований енергетичний напій,eнepгeтичний sparkler бeзaлкoгoльний винограду гaзoвaний жб зі нaпій смаком,0.432000
classic plus безалкогольний газований енергетичний напій,eнepгeтичний maracuja spritz бeзaлкoгoльний гaзoвaний жб нaпій,0.364526
classic plus безалкогольний газований енергетичний напій,асорті безалкогольний зб зі сильногазований смаком фруктів,0.432000
eнepгeтичний silver нaпій пет,eнepгeтичний power бeзaлкoгoльний жб нaпій,0.411958
безалкогольний виноград енергетичний жб напій сильногазований,energy безаолкогольни виноград зб,0.384599
безалкогольний вишня енергетичний жб напій сильногазований,energy безаолкогольни вишня зб,0.414000
безалкогольний вишня енергетичний жб напій сильногазований,безалкогольний виноград енергетичний жб напій сильногазований,0.360500
black cherry kiwi безалкогольний зб,fruit punch venom безалкогольний зб,0.449073
original безалкогольний зб,fruit punch venom безалкогольний зб,0.378296
original безалкогольний зб,black cherry kiwi безалкогольний зб,0.480050
mango безалкогольний зб,fruit punch venom безалкогольний зб,0.458247
mango безалкогольний зб,black cherry kiwi безалкогольний зб,0.378103
mango безалкогольний зб,original безалкогольний зб,0.436718
original без безалкогольний зб цукру,original безалкогольний зб,0.309711
original без безалкогольний зб цукру,fruit punch venom безалкогольний зб,0.423654
original без безалкогольний зб цукру,black cherry kiwi безалкогольний зб,0.478164
original без безалкогольний зб цукру,mango безалкогольний зб,0.425368
watermelonstrawberry безалкогольний газований зб,mango безалкогольний газований зб,0.379199
безалкогольний зб кавунполуниця,безалкогольний зб манго,0.302299
cherry wild безалкогольний газований зб,mango безалкогольний газований зб,0.313708
cherry wild безалкогольний газований зб,watermelonstrawberry безалкогольний газований зб,0.466675
black punch wild безалкогольний зб,безалкогольний зб манго,0.310095
black punch wild безалкогольний зб,безалкогольний зб кавунполуниця,0.329327
energy original безаолкогольни зб,energy безаолкогольни вишня зб,0.372079
energy original безаолкогольни зб,energy безаолкогольни виноград зб,0.406994
mojito безалкогольний газований зб,original безалкогольний газований зб,0.437398
sugar zero безалкогольний газований зб,original безалкогольний газований зб,0.478229
sugar zero безалкогольний газований зб,mojito безалкогольний газований зб,0.447185
sex безалкогольний газований зб,original безалкогольний газований зб,0.304083
sex безалкогольний газований зб,mojito безалкогольний газований зб,0.405772
sex безалкогольний газований зб,sugar zero безалкогольний газований зб,0.417889
after alcohol безалкогольний зб,original безалкогольний газований зб,0.480736
after alcohol безалкогольний зб,mojito безалкогольний газований зб,0.454596
after alcohol безалкогольний зб,sugar zero безалкогольний газований зб,0.398466
after alcohol безалкогольний зб,sex безалкогольний газований зб,0.426642
безалкогольний воля журавлина зб,безалкогольний воля зб ківіполуниця,0.327677
безалкогольний воля журавлина зб,безалкогольний воля зб середньогазований,0.344685
безалкогольний воля журавлина зб,воля зб мікс ягідний,0.243000
безалкогольний воля зб мангоапельсин,безалкогольний воля зб ківіполуниця,0.474972
безалкогольний воля зб мангоапельсин,безалкогольний воля зб середньогазований,0.380062
безалкогольний воля зб мангоапельсин,безалкогольний воля журавлина зб,0.369033
безалкогольний воля зб мангоапельсин,воля зб мікс ягідний,0.351000
strawberrybanana безалкогольний газований зб,black cherry безалкогольний газований зб,0.301574
strawberrybanana безалкогольний газований зб,berry goji безалкогольний газований зб,0.458780
peachlemon безалкогольний газований зб,black cherry безалкогольний газований зб,0.327557
peachlemon безалкогольний газований зб,berry goji безалкогольний газований зб,0.309351
peachlemon безалкогольний газований зб,strawberrybanana безалкогольний газований зб,0.389409
apple green безалкогольний газований зб,black cherry безалкогольний газований зб,0.407970
apple green безалкогольний газований зб,berry goji безалкогольний газований зб,0.393980
apple green безалкогольний газований зб,strawberrybanana безалкогольний газований зб,0.369094
apple green безалкогольний газований зб,peachlemon безалкогольний газований зб,0.345331
strong watermelon безалкогольний зб,асорті безалкогольний зб зі сильногазований смаком фруктів,0.351000
strong watermelon безалкогольний зб,classic plus безалкогольний газований енергетичний напій,0.369000
multi безалкогольний газований зб,classic plus безалкогольний газований енергетичний напій,0.309919
multi безалкогольний газований зб,асорті безалкогольний зб зі сильногазований смаком фруктів,0.316839
multi безалкогольний газований зб,strong watermelon безалкогольний зб,0.347637
grapefruit groovy безалкогольний зб,асорті безалкогольний зб зі сильногазований смаком фруктів,0.351000
grapefruit groovy безалкогольний зб,classic plus безалкогольний газований енергетичний напій,0.369000
grapefruit groovy безалкогольний зб,strong watermelon безалкогольний зб,0.442234
grapefruit groovy безалкогольний зб,multi безалкогольний газований зб,0.326060
безалкогольний газований яблуко,classic plus безалкогольний газований енергетичний напій,0.405650
безалкогольний газований яблуко,multi безалкогольний газований зб,0.449288
безалкогольний газований яблуко,асорті безалкогольний зб зі сильногазований смаком фруктів,0.307599
безалкогольний газований яблуко,strong watermelon безалкогольний зб,0.400053
focus безалкогольний газований зб,classic plus безалкогольний газований енергетичний напій,0.440039
focus безалкогольний газований зб,multi безалкогольний газований зб,0.430349
focus безалкогольний газований зб,безалкогольний газований яблуко,0.348376
focus безалкогольний газований зб,асорті безалкогольний зб зі сильногазований смаком фруктів,0.304940
chillin guanabanamango безалкогольний газований,classic plus безалкогольний газований енергетичний напій,0.370613
chillin guanabanamango безалкогольний газований,multi безалкогольний газований зб,0.487376
chillin guanabanamango безалкогольний газований,безалкогольний газований яблуко,0.407572
chillin guanabanamango безалкогольний газований,focus безалкогольний газований зб,0.341059
pvp безалкогольний газований зб,classic plus безалкогольний газований енергетичний напій,0.370107
pvp безалкогольний газований зб,multi безалкогольний газований зб,0.402606
pvp безалкогольний газований зб,безалкогольний газований яблуко,0.384215
pvp безалкогольний газований зб,focus безалкогольний газований зб,0.305537
nova безалкогольний газований зб,classic plus безалкогольний газований енергетичний напій,0.448582
nova безалкогольний газований зб,multi безалкогольний газований зб,0.479772
nova безалкогольний газований зб,безалкогольний газований яблуко,0.439555
nova безалкогольний газований зб,focus безалкогольний газований зб,0.302303
ai безалкогольний газований зб,classic plus безалкогольний газований енергетичний напій,0.365826
ai безалкогольний газований зб,multi безалкогольний газований зб,0.349603
ai безалкогольний газований зб,безалкогольний газований яблуко,0.309942
ai безалкогольний газований зб,focus безалкогольний газований зб,0.373210
original безалкогольний,безалкогольний енергетичний жб напій сильногазований,0.333000
dark безалкогольний еnergy зб,безалкогольний енергетичний жб напій сильногазований,0.387000
dark безалкогольний еnergy зб,original безалкогольний,0.352610
apple kiwi безалкогольний,безалкогольний енергетичний жб напій сильногазований,0.324000
apple kiwi безалкогольний,original безалкогольний,0.341179
apple kiwi безалкогольний,dark безалкогольний еnergy зб,0.454593
guava безалкогольний зб,безалкогольний енергетичний жб напій сильногазований,0.369000
guava безалкогольний зб,original безалкогольний,0.317045
guava безалкогольний зб,dark безалкогольний еnergy зб,0.306870
guava безалкогольний зб,apple kiwi безалкогольний,0.337072
безалкогольний манго,безалкогольний енергетичний жб напій сильногазований,0.400629
безалкогольний манго,original безалкогольний,0.450881
безалкогольний манго,dark безалкогольний еnergy зб,0.473418
безалкогольний манго,apple kiwi безалкогольний,0.407787
fruit punch безалкогольний зб,безалкогольний енергетичний жб напій сильногазований,0.351000
fruit punch безалкогольний зб,original безалкогольний,0.382789
fruit punch безалкогольний зб,dark безалкогольний еnergy зб,0.411957
fruit punch безалкогольний зб,apple kiwi безалкогольний,0.302463
fire orange безалкогольний зб сильногазований,безалкогольний енергетичний жб напій сильногазований,0.316363
fire orange безалкогольний зб сильногазований,original безалкогольний,0.383382
fire orange безалкогольний зб сильногазований,dark безалкогольний еnergy зб,0.484763
fire orange безалкогольний зб сильногазований,apple kiwi безалкогольний,0.441000
без безалкогольний цукру,безалкогольний,0.313434
без безалкогольний цукру,безалкогольний зі смаком тропічних фруктів,0.397423
безалкогольний зб середньогазований,безалкогольний,0.306308
безалкогольний зб середньогазований,безалкогольний зі смаком тропічних фруктів,0.401470
безалкогольний зб середньогазований,без безалкогольний цукру,0.455201
безалкогольний зі кавуна смаком,безалкогольний,0.430929
безалкогольний зі кавуна смаком,безалкогольний зі смаком тропічних фруктів,0.328757
безалкогольний зі кавуна смаком,без безалкогольний цукру,0.311854
безалкогольний зі кавуна смаком,безалкогольний зб середньогазований,0.373711
безалкогольний,boost безалкогольний зб сильногазований,0.393485
безалкогольний,evolution fresh jungle безалкогольний зб,0.483656
безалкогольний,boost безалкогольний енергетичний жб напій сильногазований,0.315000
безалкогольний,безалкогольний енергетичний напій сильногазований,0.360000
безалкогольний зб років,безалкогольний еволюшн сильногазований фреш,0.480643
безалкогольний зб років,green stalker безалкогольний зб сильногазований,0.321387
безалкогольний зб років,boost безалкогольний зб сильногазований,0.486469
безалкогольний зб років,безалкогольний сильногазований,0.477458
green stalker безалкогольний зб сильногазований,boost безалкогольний енергетичний жб напій сильногазований,0.443634
green stalker безалкогольний зб сильногазований,evolution fresh jungle безалкогольний зб,0.457552
безалкогольний,jungle безалкогольний сильногазований,0.449077
zoom безалкогольний зб сильногазований,zoom безалкогольний енергетичний жб напій сильногазований,0.378349
zoom безалкогольний зб сильногазований,безалкогольний еволюшн сильногазований фреш,0.381741
zoom безалкогольний зб сильногазований,green stalker безалкогольний зб сильногазований,0.411160
zoom безалкогольний зб сильногазований,boost безалкогольний зб сильногазований,0.406776
zoom безалкогольний зб сильногазований,boost безалкогольний енергетичний жб напій сильногазований,0.428416
zoom безалкогольний зб сильногазований,безалкогольний енергетичний напій сильногазований,0.436909
moonlight stalker безалкогольний зб сильногазований,green stalker безалкогольний зб сильногазований,0.376964
moonlight stalker безалкогольний зб сильногазований,безалкогольний еволюшн сильногазований фреш,0.311928
moonlight stalker безалкогольний зб сильногазований,boost безалкогольний зб сильногазований,0.406407
moonlight stalker безалкогольний зб сильногазований,безалкогольний сильногазований,0.363457
ultra безалкогольний зб сильногазований,безалкогольний еволюшн сильногазований фреш,0.396706
ultra безалкогольний зб сильногазований,green stalker безалкогольний зб сильногазований,0.467849
ultra безалкогольний зб сильногазований,boost безалкогольний зб сильногазований,0.334990
ultra безалкогольний зб сильногазований,безалкогольний сильногазований,0.397545
stalker безалкоголний зб сильногазований,green stalker безалкогольний зб сильногазований,0.450729
stalker безалкоголний зб сильногазований,moonlight stalker безалкогольний зб сильногазований,0.407566
stalker безалкоголний зб сильногазований,безалкогольний еволюшн сильногазований фреш,0.394677
stalker безалкоголний зб сильногазований,boost безалкогольний зб сильногазований,0.325279
moonlight stalker безалкогольний зб сильногазований,boost безалкогольний енергетичний жб напій сильногазований,0.483219
moonlight stalker безалкогольний зб сильногазований,безалкогольний енергетичний напій сильногазований,0.333253
безалкогольний зб сильногазований,mix безалкогольний зб сильногазований,0.445788
безалкогольний зб сильногазований,unicorn безалкогольний зб сильногазований,0.352924
безалкогольний зб сильногазований,cola taste безалкогольний зб сильногазований,0.422989
frsh безалкогольний зб сильногазований,mix безалкогольний зб сильногазований,0.373900
frsh безалкогольний зб сильногазований,unicorn безалкогольний зб сильногазований,0.483492
frsh безалкогольний зб сильногазований,cola taste безалкогольний зб сильногазований,0.432846
frsh безалкогольний зб сильногазований,exotic безалкогольний зб сильногазований,0.403179
безалкогольний зб сильногазований,frsh безалкогольний зб сильногазований,0.373982
cosm energy nitro peach безалкогольний газований,energy енергетичний жб напій,0.360000
brew killer loca moca газований зб,bean brew killer mean газований зб,0.386864
classic безалкогольний газований,classic max безалкогольний газований,0.310206
mango max безалкогольний газований,classic max безалкогольний газований,0.346556
mango max безалкогольний газований,classic безалкогольний газований,0.448445
classic zero безалкогольний газований,classic max безалкогольний газований,0.337857
classic zero безалкогольний газований,classic безалкогольний газований,0.464724
classic zero безалкогольний газований,mango max безалкогольний газований,0.400256
ultra безалкогольний зб,paradise ultra безалкогольний,0.372246
monster ultrafiesta безалкогольний газований зб,paradise ultra безалкогольний,0.370551
monster ultrafiesta безалкогольний газований зб,ultra безалкогольний зб,0.429027
безалкогольний зб,paradise ultra безалкогольний,0.309732
безалкогольний зб,ultra безалкогольний зб,0.412154
безалкогольний зб,monster ultrafiesta безалкогольний газований зб,0.435280
aussie juice lemonade безалкогольний зб,paradise ultra безалкогольний,0.481432
aussie juice lemonade безалкогольний зб,ultra безалкогольний зб,0.460916
aussie juice lemonade безалкогольний зб,monster ultrafiesta безалкогольний газований зб,0.414860
aussie juice lemonade безалкогольний зб,безалкогольний зб,0.458775
apple bad безалкогольний зб,paradise ultra безалкогольний,0.459972
apple bad безалкогольний зб,ultra безалкогольний зб,0.300870
apple bad безалкогольний зб,monster ultrafiesta безалкогольний газований зб,0.422673
apple bad безалкогольний зб,безалкогольний зб,0.436434
sugar zero безалкогольний зб,paradise ultra безалкогольний,0.405030
sugar zero безалкогольний зб,ultra безалкогольний зб,0.366513
sugar zero безалкогольний зб,monster ultrafiesta безалкогольний газований зб,0.354972
rosa ultra безалкогольний зб,paradise ultra безалкогольний,0.433933
rosa ultra безалкогольний зб,ultra безалкогольний зб,0.328847
rosa ultra безалкогольний зб,monster ultrafiesta безалкогольний газований зб,0.321956
rosa ultra безалкогольний зб,безалкогольний зб,0.443347
doctor the безалкогольний зб,paradise ultra безалкогольний,0.348618
doctor the безалкогольний зб,ultra безалкогольний зб,0.416642
doctor the безалкогольний зб,monster ultrafiesta безалкогольний газований зб,0.408871
doctor the безалкогольний зб,безалкогольний зб,0.442090
nitro безалкогольний газований зб,monster ultrafiesta безалкогольний газований зб,0.302819
nitro безалкогольний газований зб,paradise ultra безалкогольний,0.392623
nitro безалкогольний газований зб,ultra безалкогольний зб,0.381582
nitro безалкогольний газований зб,безалкогольний зб,0.465707
punch rio безалкогольний зб сильногазований,paradise ultra безалкогольний,0.412975
punch rio безалкогольний зб сильногазований,ultra безалкогольний зб,0.408136
punch rio безалкогольний зб сильногазований,monster ultrafiesta безалкогольний газований зб,0.329570
punch rio безалкогольний зб сильногазований,безалкогольний зб,0.324980
khaotic безалкогольний зб,paradise ultra безалкогольний,0.309841
khaotic безалкогольний зб,ultra безалкогольний зб,0.432061
khaotic безалкогольний зб,monster ultrafiesta безалкогольний газований зб,0.466533
khaotic безалкогольний зб,безалкогольний зб,0.387038
mocha безалкогольний зб,french vanilla безалкогольний зб,0.411434
caramel salted безалкогольний зб,french vanilla безалкогольний зб,0.373794
caramel salted безалкогольний зб,mocha безалкогольний зб,0.488101
green mega безалкогольний газований зб,mega ultra zero безалкогольний газований зб,0.310835
locarb mega безалкогольний зб сильногазований,mega ultra zero безалкогольний газований зб,0.466815
locarb mega безалкогольний зб сильногазований,green mega безалкогольний газований зб,0.489525
strawberry безалкогольний зб,paradise ultra безалкогольний,0.373370
strawberry безалкогольний зб,ultra безалкогольний зб,0.357715
strawberry безалкогольний зб,monster ultrafiesta безалкогольний газований зб,0.478026
strawberry безалкогольний зб,безалкогольний зб,0.326162
irish java безалкогольний зб кавововий сreme,french vanilla безалкогольний зб,0.313788
irish java безалкогольний зб кавововий сreme,mocha безалкогольний зб,0.413717
irish java безалкогольний зб кавововий сreme,caramel salted безалкогольний зб,0.458502
mangoloco monster безалкогольний газований зб,monster ultrafiesta безалкогольний газований зб,0.351866
mangoloco monster безалкогольний газований зб,nitro безалкогольний газований зб,0.462699
mangoloco monster безалкогольний газований зб,paradise ultra безалкогольний,0.460292
mangoloco monster безалкогольний газований зб,ultra безалкогольний зб,0.462746
ultra violet безалкогольний,paradise ultra безалкогольний,0.319903
ultra violet безалкогольний,ultra безалкогольний зб,0.450881
ultra violet безалкогольний,rosa ultra безалкогольний зб,0.344735
ultra violet безалкогольний,mangoloco monster безалкогольний газований зб,0.338794
monster pacific punch безалкогольний,monster ultrafiesta безалкогольний газований зб,0.474603
monster pacific punch безалкогольний,mangoloco monster безалкогольний газований зб,0.481029
monster pacific punch безалкогольний,punch rio безалкогольний зб сильногазований,0.373285
monster pacific punch безалкогольний,strawberry безалкогольний зб,0.306882
keen peachy безалкогольний зб,mangoloco monster безалкогольний газований зб,0.457673
keen peachy безалкогольний зб,ultra violet безалкогольний,0.394564
keen peachy безалкогольний зб,monster pacific punch безалкогольний,0.440637
keen peachy безалкогольний зб,paradise ultra безалкогольний,0.352192
pipeline punch безалкогольний зб,punch rio безалкогольний зб сильногазований,0.372808
pipeline punch безалкогольний зб,monster pacific punch безалкогольний,0.406204
pipeline punch безалкогольний зб,strawberry безалкогольний зб,0.391274
pipeline punch безалкогольний зб,mangoloco monster безалкогольний газований зб,0.426939
безалкогольний сильногазований,doctor the безалкогольний сильногазований,0.348272
monarch безалкогольний зб,mangoloco monster безалкогольний газований зб,0.384096
monarch безалкогольний зб,ultra violet безалкогольний,0.358737
monarch безалкогольний зб,monster pacific punch безалкогольний,0.338386
monarch безалкогольний зб,paradise ultra безалкогольний,0.329231
hamilton monster zero безалкогольний зб,monster ultrafiesta безалкогольний газований зб,0.317077
hamilton monster zero безалкогольний зб,mangoloco monster безалкогольний газований зб,0.455064
hamilton monster zero безалкогольний зб,monster pacific punch безалкогольний,0.335399
hamilton monster zero безалкогольний зб,sugar zero безалкогольний зб,0.484715
power безалкогольний сильногазований,безалкогольний сильногазований,0.438743
power безалкогольний зб сильногазований,exotic безалкогольний зб сильногазований,0.426607
power безалкогольний зб сильногазований,безалкогольний зб сильногазований,0.434226
silver безалкогольний зб сильногазований,безалкогольний зб сильногазований,0.328266
silver безалкогольний зб сильногазований,exotic безалкогольний зб сильногазований,0.305978
power безалкогольний зб сильногазований,eнepгeтичний power бeзaлкoгoльний жб нaпій,0.419891
power безалкогольний зб сильногазований,silver безалкогольний зб сильногазований,0.313728
silver безалкогольний сильногазований,безалкогольний сильногазований,0.349014
silver безалкогольний сильногазований,power безалкогольний сильногазований,0.348315
silver безалкогольний сильногазований,exotic безалкогольний зб сильногазований,0.383056
silver безалкогольний сильногазований,безалкогольний зб сильногазований,0.467328
silver безалкогольний сильногазований,power безалкогольний зб сильногазований,0.401775
power безалкогольний сильногазований,power безалкогольний зб сильногазований,0.313597
power безалкогольний сильногазований,exotic безалкогольний зб сильногазований,0.452042
power безалкогольний сильногазований,безалкогольний зб сильногазований,0.326982
безалкогольний сильногазований,exotic безалкогольний зб сильногазований,0.331968
безалкогольний сильногазований,безалкогольний зб сильногазований,0.380682
безалкогольний сильногазований,power безалкогольний зб сильногазований,0.413456
безалкогольний зб сильногазований х,безалкогольний зб сильногазований,0.426863
безалкогольний зб сильногазований х,exotic безалкогольний зб сильногазований,0.432547
безалкогольний зб сильногазований х,silver безалкогольний зб сильногазований,0.395004
безалкогольний зб сильногазований х,power безалкогольний зб сильногазований,0.389241

нeктap пет тoмaтний,напій пет соковий яблуковишня,0.03
нeктap пет тoмaтний,виноградгранат напій пет соковий,0.3
апельсин напій пет соковий,напій пет соковий яблуковишня,0.2
апельсин напій пет соковий,виноградгранат напій пет соковий,0.1
апельсин напій пет соковий,ананасу вибір напій пет розумнирй смак соковмісний,0.2
апельсин напій пет соковий,нeктap пет тoмaтний,0
fitness апельсиновогрейпфрутовий екстрактом з листя нектар стевії,select гранат нектар тетрапак,0.05
select бaнaнпoлуниця нектap,select гранат нектар тетрапак,0.3
вишня нектар,select гранат нектар тетрапак,0.1
вишня нектар,fitness апельсиновогрейпфрутовий екстрактом з листя нектар стевії,0
сік тетpaпaк яблуко,select гранат нектар тетрапак,0
сік тетpaпaк яблуко,fitness апельсиновогрейпфрутовий екстрактом з листя нектар стевії,0
сік тетpaпaк яблуко,вишня нектар,0
апельсин нектap тетpaпaк,сік тетpaпaк яблуко,0
апельсин нектap тетpaпaк,select бaнaнпoлуниця нектap,0.1
апельсин нектap тетpaпaк,select гранат нектар тетрапак,0.1
апельсин нектap тетpaпaк,fitness апельсиновогрейпфрутовий екстрактом з листя нектар стевії,0.1
екстpaктoм з з листя мaнгo нектap плoдiв стевiї,select бaнaнпoлуниця нектap,0.15
екстpaктoм з з листя мaнгo нектap плoдiв стевiї,fitness апельсиновогрейпфрутовий екстрактом з листя нектар стевії,0.2
екстpaктoм з з листя мaнгo нектap плoдiв стевiї,апельсин нектap тетpaпaк,0.1
ананас нектар,select бaнaнпoлуниця нектap,0.1
ананас нектар,екстpaктoм з з листя мaнгo нектap плoдiв стевiї,0.107000
ананас нектар,select гранат нектар тетрапак,0.1
ананас нектар,fitness апельсиновогрейпфрутовий екстрактом з листя нектар стевії,0.106000
мультифруктовий нектар тетрапак тропічні фрукти,select гранат нектар тетрапак,0.1
мультифруктовий нектар тетрапак тропічні фрукти,fitness апельсиновогрейпфрутовий екстрактом з листя нектар стевії,0.05
мультифруктовий нектар тетрапак тропічні фрукти,вишня нектар,0.1
мультифруктовий нектар тетрапак тропічні фрукти,сік тетpaпaк яблуко,0
мультивітамін нектар,апельсин напій сицилійський соковий червоний,0
лимон нектар,мультивітамін нектар,0.2
лимон нектар,апельсин напій сицилійський соковий червоний,0
гранат нектар,мультивітамін нектар,0.2
гранат нектар,лимон нектар,0.2
гранат нектар,апельсин напій сицилійський соковий червоний,0
банановий нектар,мультивітамін нектар,0.2
банановий нектар,лимон нектар,0.2
банановий нектар,гранат нектар,0.2
банановий нектар,апельсин напій сицилійський соковий червоний,0
ананас нектар,мультивітамін нектар,0.2
ананас нектар,лимон нектар,0.2
ананас нектар,гранат нектар,0.2
ананас нектар,банановий нектар,0.2
з сік сіллю тетрапак томатний,банановояблучнополуничний нeктap,0
сік яблуко,ананас нектар,0
сік яблуко,апельсин напій сицилійський соковий червоний,0.1
сік яблуко,мультивітамін нектар,0
сік яблуко,лимон нектар,0
апельсин сік,апельсин напій сицилійський соковий червоний,0.277633
апельсин сік,сік яблуко,0.206003
апельсин сік,банановий нектар,0
апельсин сік,ананас нектар,0
вишня нектар,мультивітамін нектар,0.208987
вишня нектар,лимон нектар,0.203223
вишня нектар,гранат нектар,0.203157
вишня нектар,банановий нектар,0.203179
з пікантний сік сіллю тeтpaпaк тoмaтний,з сік сіллю тeтpaпaк томатний,0.357424
з пікантний сік сіллю тeтpaпaк тoмaтний,банановояблучнополуничний нeктap,0
з пікантний сік сіллю тeтpaпaк тoмaтний,сік яблуко,0.033000
винограду нектар тетрапак червоного із,з сік сіллю тетрапак томатний,0.098914
винограду нектар тетрапак червоного із,банановояблучнополуничний нектар тетрапак,0.120856
винограду нектар тетрапак червоного із,банановояблучнополуничний нeктap,0.106000
винограду нектар тетрапак червоного із,з пікантний сік сіллю тeтpaпaк тoмaтний,0.124000
нектар яблуковиноград,апельсиновий нектар окздх тетрапак,0.141000
з мякоттю нaш окздх сік сік тeтpaпaк яблучноперсиковий,апельсиновий нектар окздх тетрапак,0.169000
з мякоттю нaш окздх сік сік тeтpaпaк яблучноперсиковий,нектар яблуковиноград,0.187000
нектар окздх яблуко,окздх сік томат,0.174229
гранат нектар окздх,нектар окздх яблуко,0.137207
гранат нектар окздх,окздх сік томат,0.136000
мультифруктовий нектар окздх,окздх сік томат,0.142000
мультифруктовий нектар окздх,нектар окздх яблуко,0.149529
мультифруктовий нектар окздх,гранат нектар окздх,0.152384
виноградяблуко нектар та яблуковиноград,мультифруктовий нектар окздх,0.13290
виноградяблуко нектар та яблуковиноград,окздх сік томат,0.129000
виноградяблуко нектар та яблуковиноград,нектар окздх яблуко,0.111884
виноградяблуко нектар та яблуковиноград,гранат нектар окздх,0.114511
мультифруктовий нектар неосвітлений окздх пастеризований,нектар окздх яблуко,0.105000
мультивітамін окздх сік тетрапак,нектар окздх яблуко,0.132000
мультивітамін окздх сік тетрапак,мультифруктовий нектар неосвітлений окздх пастеризований,0.05
вишневий нектар окздх,нектар окздх яблуко,0.233299
вишневий нектар окздх,мультифруктовий нектар неосвітлений окздх пастеризований,0.183977
вишневий нектар окздх,мультивітамін окздх сік тетрапак,0.04
окздх сік яблучноморквяний,з мякоттю нaш окздх сік сік тeтpaпaк яблучноперсиковий,0.135606
окздх сік яблучноморквяний,апельсиновий нектар окздх тетрапак,0.169000
окздх сік яблучноморквяний,нектар яблуковиноград,0.04
нектар яблуковиноград,мультивітамін окздх сік тетрапак,0.233000
нектар яблуковиноград,нектар окздх яблуко,0.220860
нектар яблуковиноград,мультифруктовий нектар неосвітлений окздх пастеризований,0.287000
нектар яблуковиноград,вишневий нектар окздх,0.230199
мультифруктовий нектар окздх серія тропічна,апельсиновий нектар окздх тетрапак,0.228172
мультифруктовий нектар окздх серія тропічна,з мякоттю нaш окздх сік сік тeтpaпaк яблучноперсиковий,0.238000
мультифруктовий нектар окздх серія тропічна,окздх сік яблучноморквяний,0.240000
мультифруктовий нектар окздх серія тропічна,нектар яблуковиноград,0.238000
лимон лимонад,лимонад тархун,0.236609
кремсода лимонад,лимонад тархун,0.223000
кремсода лимонад,лимон лимонад,0.219219
груша лимонад,лимонад тархун,0.265883
груша лимонад,лимон лимонад,0.233757
груша лимонад,кремсода лимонад,0.232975
limonati груша зб сильногазований,limonati зб сильногазований тархун,0.222999
limonati аджарський зб мандарин сильногазований,limonati зб сильногазований тархун,0.245486
limonati аджарський зб мандарин сильногазований,limonati груша зб сильногазований,0.249954
limonati сильногазований скло цитрус,limonati аджарський мандарин сильногазований скло,0.252089
limonati груша сильногазований скло,limonati аджарський мандарин сильногазований скло,0.217907
limonati груша сильногазований скло,limonati сильногазований скло цитрус,0.237779
limonati сильногазований скло тархун,limonati аджарський мандарин сильногазований скло,0.203039
limonati сильногазований скло тархун,limonati сильногазований скло цитрус,0.264844
limonati сильногазований скло тархун,limonati груша сильногазований скло,0.295117
з негазований соком яблука,гaзoвaний з нaпій пет соком яблука,0.454915
соком яблука із,гaзoвaний з нaпій пет соком яблука,0.93000
соком яблука із,з негазований соком яблука,0.436565
груші зі сильногазований смаком соковмісний,з сильногазований соковий соком яблука,0.230759
зб лимонада соковмісний яблуко,апельсинперсик зб лимонада соковмісний,0.215149
зб лимонада мохіто соковмісний,апельсинперсик зб лимонада соковмісний,0.258845
зб лимонада мохіто соковмісний,зб лимонада соковмісний яблуко,0.358891
cилгаз лимонад соковмісний,cилгаз соковмісний тархун,0.327121
cилг мультифрукт соковмісний,cилгаз соковмісний тархун,0.306527
cилг мультифрукт соковмісний,cилгаз лимонад соковмісний,0.341042
мяталайм сильногазований соковмісний,беалкогольний пайнепсильногазований соковмісний твіст,0.221057
сильногазований чінотто,мяталайм сильногазований соковмісний,0.253266
zero,zero безалкoгoльний сильнoгазoваний,0.96
cola пет,cola зб,0.505
пет,пет сильногазований,0.95
cola пет,black пет сильногазований,0.270000
cola зі манго нуль смаком цукру,cola,0.277000
cola нуль пет цукру,cola пет,0.335762
cola нуль пет цукру,cola зб,0.292000
cola нуль пет цукру,пет сильногазований,0.339000
cola нуль пет цукру,black пет сильногазований,0.150000
indian tonic соковмісний,classic mojito соковмісний,0.220387
tangerine зб сильногазований соковмісний,classic mojito соковмісний,0.205000
tangerine зб сильногазований соковмісний,indian tonic соковмісний,0.147528
tangerine зб сильногазований соковмісний,гранат зб сильногазований,0.210534
нектар освітлений яблучновиноградний,нектар окздх яблуко,0.214000
нектар освітлений яблучновиноградний,гранат нектар окздх,0.220000
нектар освітлений яблучновиноградний,мультифруктовий нектар окздх,0.221000
нектар освітлений яблучновиноградний,виноградяблуко нектар та яблуковиноград,0.298640
нектар освітлений яблучновиноградний,мультифруктовий нектар неосвітлений окздх пастеризований,0.239856
нектар освітлений яблучновиноградний,вишневий нектар окздх,0.261000
нектар освітлений яблучновиноградний,нектар яблуковиноград,0.24098
нектар освітлений яблучновиноградний,апельсиновий нектар окздх тетрапак,0.219000
нектар освітлений яблучновиноградний,мультифруктовий нектар окздх серія тропічна,0.227000
мультифруктовий нектар,мультифруктовий нектар окздх,0.9810150
мультифруктовий нектар,нектар окздх яблуко,0.236000
мультифруктовий нектар,гранат нектар окздх,0.22000
мультифруктовий нектар,виноградяблуко нектар та яблуковиноград,0.251000
мультифруктовий нектар,мультифруктовий нектар окздх серія тропічна,0.60
мультифруктовий нектар,апельсиновий нектар окздх тетрапак,0.296000
мультифруктовий нектар,нектар яблуковиноград,0.296000
мультифруктовий нектар,нектар освітлений яблучновиноградний,0.279000
мультифруктовий нектар,мультифруктовий нектар неосвітлений окздх пастеризований,0.95
мультифруктовий нектар,вишневий нектар окздх,0.25120
нектар яблучний,мультифруктовий нектар,0.208000
нектар яблучний,нектар яблуко,0.99
нектар яблучний,мультифруктовий нектар неосвітлений окздх пастеризований,0.261000
нектар яблучний,вишневий нектар окздх,0.206000
апельсиновий нектар,апельсиновий нектар окздх тетрапак,0.963132
апельсиновий нектар,нектар яблуковиноград,0.206000
апельсиновий нектар,мультифруктовий нектар окздх серія тропічна,0.228000
апельсиновий нектар,нектар освітлений яблучновиноградний,0.217000
вишневий нектар,мультифруктовий нектар,0.249986
вишневий нектар,нектар окздх яблуко,0.215000
вишневий нектар,гранат нектар окздх,0.220000
вишневий нектар,мультифруктовий нектар окздх,0.214000
мультивітамін нектар,мультивітамін нектар, 1.0
вишневий нектар,вишня нектар,0.98
вишневий нектар,мультивітамін нектар,0.207987
вишневий нектар,лимон нектар,0.209712
гранатовий нектар,вишня нектар,0.22529
гранатовий нектар,мультивітамін нектар,0.241000
гранатовий нектар,вишневий нектар,0.224856
caribs sunny банановоананасовококосовий нектар неосвітлений,вишня нектар,0.234000
caribs sunny банановоананасовококосовий нектар неосвітлений,мультивітамін нектар,0.225000
caribs sunny банановоананасовококосовий нектар неосвітлений,вишневий нектар,0.228000
caribs sunny банановоананасовококосовий нектар неосвітлений,гранатовий нектар,0.233000
грейпфрут коктейльна колекція нектар неосвітлений,caribs sunny банановоананасовококосовий нектар неосвітлений,0.223212
грейпфрут коктейльна колекція нектар неосвітлений,гранатовий нектар,0.224000
грейпфрут коктейльна колекція нектар неосвітлений,мультивітамін нектар,0.288000
грейпфрут коктейльна колекція нектар неосвітлений,лимон нектар,0.270000
нектар яблучновиноградний,мультифруктовий нектар,0.206000
нектар яблучновиноградний,ананасовояблучний нектар садoчoк,0.269000
нектар яблучновиноградний,нектар яблучновишневий,0.25863
нектар яблучновиноградний,нектар тетрапак яблучногранатовий,0.232089
нектар яблучновиноградний,нектар яблуковиноград,0.977029
нектар освітлений яблуковиноград,нектар яблуковиноград,0.302570
апельсиновояблучний нектар неосвітлений,ананасовояблучний нектар садoчoк,0.266188
апельсиновояблучний нектар неосвітлений,нектар яблучновишневий,0.205000
апельсиновояблучний нектар неосвітлений,нектар тетрапак яблучногранатовий,0.142000
апельсиновояблучний нектар неосвітлений,нектар яблуковиноград,0.233000
ананасовояблучний нектар неосвітлений,ананасовояблучний нектар садoчoк,0.952043
ананасовояблучний нектар неосвітлений,апельсиновояблучний нектар неосвітлений,0.2796
ананасовояблучний нектар неосвітлений,нектар яблучновиноградний,0.205000
ананасовояблучний нектар неосвітлений,нектар яблучновишневий,0.214000
апельсиновий нектар,select гранат нектар тетрапак,0.197000
апельсиновий нектар,fitness апельсиновогрейпфрутовий екстрактом з листя нектар стевії,0.178000
апельсиновий нектар,вишня нектар,0.241000
апельсиновий нектар,ананас нектар,0.241000
мультифруктовий нектар тропічні фрукти,select гранат нектар тетрапак,0.142000
мультифруктовий нектар тропічні фрукти,fitness апельсиновогрейпфрутовий екстрактом з листя нектар стевії,0.151000
мультифруктовий нектар тропічні фрукти,вишня нектар,0.288000
мультифруктовий нектар тропічні фрукти,ананас нектар,0.261000
апельсиновогрейпфрутовий нектар,fitness апельсиновогрейпфрутовий екстрактом з листя нектар стевії,0.410780
апельсиновогрейпфрутовий нектар,select гранат нектар тетрапак,0.170000
апельсиновогрейпфрутовий нектар,вишня нектар,0.233000
апельсиновогрейпфрутовий нектар,ананас нектар,0.233000
вишневий нектар,апельсиновий нектар,0.212889
вишневий нектар,мультифруктовий нектар тропічні фрукти,0.178000
вишневий нектар,апельсиновогрейпфрутовий нектар,0.244604
вишневий нектар,select гранат нектар тетрапак,0.20
гранатовий нектар,select гранат нектар тетрапак,0.371491
гранатовий нектар,fitness апельсиновогрейпфрутовий екстрактом з листя нектар стевії,0.188000
гранатовий нектар,ананас нектар,0.206047
банановополуничний нектар,select гранат нектар тетрапак,0.333000
банановополуничний нектар,fitness апельсиновогрейпфрутовий екстрактом з листя нектар стевії,0.197000
банановополуничний нектар,вишня нектар,0.223000
банановополуничний нектар,ананас нектар,0.227076
мультифруктовий сік,віджиму прямого сік яблучний,0.315000
мультифруктовий сік,з мультифрукт мякоттю сік,0.451913
мультифруктовий сік,додаванням з морської солі стерилізований сік томатний,0.288000
мультифруктовий сік,пастеризований сік яблучногрушевий,0.351000
неосвітлений сік яблучногрушевий,неосвітлений пастеризований сік яблучний,0.381871
неосвітлений сік яблучногрушевий,з мультифрукт мякоттю сік,0.171000
неосвітлений сік яблучний,неосвітлений пастеризований сік яблучний,0.953692
неосвітлений сік яблучний,неосвітлений сік яблучногрушевий,0.306049
неосвітлений сік яблучний,з мультифрукт мякоттю сік,0.189000
віджиму прямого сік яблучний,віджиму прямого сік яблучний,1
мікс сік ягідний,віджиму прямого сік яблучний,0.278000
мікс сік ягідний,з мультифрукт мякоттю сік,0.243000
мікс сік ягідний,додаванням з морської солі стерилізований сік томатний,0.270000
мікс сік ягідний,пастеризований сік яблучногрушевий,0.333000
віджиму прямого сік яблучногрушевий,віджиму прямого сік яблучний,0.368820
віджиму прямого сік яблучногрушевий,пастеризований сік яблучногрушевий,0.944885
віджиму прямого сік яблучногрушевий,з мультифрукт мякоттю сік,0.252000
з мякоттю сік томатний,сaдoчoк сік яблучномалиновосуничний імуніті,0.233000
з мякоттю сік томатний,з сік сіллю томат,0.303969
з мякоттю сік томатний,персиковояблучний сік тетрапак,0.306000
з мякоттю персикяблуко сік,з мякоттю сік томатний,0.304729
з мякоттю персикяблуко сік,сaдoчoк сік яблучномалиновосуничний імуніті,0.188000
з мякоттю персикяблуко сік,з сік сіллю томат,0.161000
з мякоттю персикяблуко сік,персиковояблучний сік тетрапак,0.484431
мультивітамін сік,сaдoчoк сік яблучномалиновосуничний імуніті,0.216000
мультивітамін сік,з сік сіллю томат,0.234000
мультивітамін сік,персиковояблучний сік тетрапак,0.270000
мультивітамін сік,з мякоттю сік томатний,0.224000
з мультивітамінний мякоттю сік,з мякоттю нaш окздх сік сік тeтpaпaк яблучноперсиковий,0.315000
з мультивітамінний мякоттю сік,окздх сік яблучноморквяний,0.261000
освітлений сік яблучний,нектар освітлений яблучновиноградний,0.353489
освітлений сік яблучний,з мякоттю нaш окздх сік сік тeтpaпaк яблучноперсиковий,0.242000
освітлений сік яблучний,окздх сік яблучноморквяний,0.22740
освітлений сік яблучний,з мультивітамінний мякоттю сік,0.242000
з мякоттю сік томатний,мультивітамін окздх сік тетрапак,0.233000
з мякоттю сік яблучноперсиковий,окздх сік томат,0.279000
з мякоттю сік яблучноперсиковий,з мякоттю нaш окздх сік сік тeтpaпaк яблучноперсиковий,0.96
з мякоттю сік яблучноперсиковий,з мультивітамінний мякоттю сік,0.287000
з мякоттю сік яблучноперсиковий,окздх сік яблучноморквяний,0.273769
з мякоттю сік яблучноперсиковий,освітлений сік яблучний,0.217712
з мякоттю сік томатний,з мякоттю сік яблучноперсиковий,0.217105
з мякоттю сік томатний,окздх сік томат,0.334360
банан малина смузі,дoйпaк пюре смузі тропік фруктове,0.2
банан малина смузі,бананполуниця пюре смузі фруктове,0.2
exclusive морською сік сіллю томатний із,exclusive манговий нектар,0.31000
сік томатний,з сік сіллю тетрапак томатний,0.334408
сік томатний,сік яблуко,0.1
сік томатний,апельсин сік,0.1
апельсиновий сік,з сік сіллю тетрапак томатний,0.116000
апельсиновий сік,сік яблуко,0.188000
апельсиновий сік,апельсин сік,0.98
апельсиновий сік,сік томатний,0.161000
flamin hot з пікантний сік сіллю томатний,з сік сіллю тетрапак томатний,0.418533
flamin hot з пікантний сік сіллю томатний,сік томатний,0.405000
flamin hot з пікантний сік сіллю томатний,апельсиновий сік,0.152000
flamin hot з пікантний сік сіллю томатний,сік яблуко,0.125000
сік томатний,з сік сіллю тeтpaпaк томатний,0.438398
з морською сік сіллю томатний,сік тетpaпaк яблуко,0.279000
zero сильногазований,сильногазований,0.39512
coffee plus карамель,coffee plus сильногазований,0.323000
зб сильногазований,сильногазований,0.95
зб сильногазований,coffee plus сильногазований,0.2
coffee plus,coffee plus сильногазований,0.980000
coffee plus,coffee plus карамель,0.279673
zero сильногазований,vanilla сильногазований,0.241453
сильногазований,vanilla сильногазований,0.175743
cherry сильногазований,vanilla сильногазований,0.270046
cherry сильногазований,zero сильногазований,0.120096
cherry сильногазований,сильногазований,0.221930
cola,cola нуль цукру,0.378000
пепсікола сильногазований,зі лимону нуль сильногазований смаком цукру,0.338825
нуль пепсі сильногазований цукру,зі лимону нуль сильногазований смаком цукру,0.383652
нуль пепсі сильногазований цукру,пепсікола сильногазований,0.458510
cola зі лимон нуль смаком цукру,cola нуль цукру,0.334552
cola зі лимон нуль смаком цукру,cola,0.207000
вишні зі нуль сильногазований смаком цукру,cola нуль цукру,0.351000
вишні зі нуль сильногазований смаком цукру,cola зі лимон нуль смаком цукру,0.341021
вишні зі нуль сильногазований смаком цукру,зі лимону нуль сильногазований смаком цукру,0.373844
вишні зі нуль сильногазований смаком цукру,нуль пепсі сильногазований цукру,0.456393
вишні зі нуль сильногазований смаком цукру,пепсікола сильногазований,0.353047
зі манго нуль сильногазований смаком цукру,зі лимону нуль сильногазований смаком цукру,0.348234
зі манго нуль сильногазований смаком цукру,нуль пепсі сильногазований цукру,0.383235
зі манго нуль сильногазований смаком цукру,вишні зі нуль сильногазований смаком цукру,0.301218
зі манго нуль сильногазований смаком цукру,пепсікола сильногазований,0.371563
вишні зі нуль сильногазований смаком цукру,cola зі манго нуль смаком цукру,0.322315
cola зі лимон нуль смаком цукру,cola зі манго нуль смаком цукру,0.356837
cola нуль цукру,cola зі манго нуль смаком цукру,0.327007
cola зб нуль цукру,cola нуль пет цукру,0.410046
cola зб нуль цукру,cola зб,0.443930
cola зб нуль цукру,cola пет,0.342000
mix tropical газований зб,chill газований зб,0.1
