text1,text2,similarity
зеленню зі картопляні смаком сметани із,барбекю зі картопляні крилець смаком хвилясті,0.580000
зі картопляні муп смаком стейк техаський хвилясті,барбекю зі картопляні крилець смаком хвилясті,0.540000
зі картопляні муп смаком стейк техаський хвилясті,зеленню зі картопляні смаком сметани із,0.620000
в лисички муп сметані хвилясті,зі картопляні муп смаком стейк техаський хвилясті,0.290000
в лисички муп сметані хвилясті,барбекю зі картопляні крилець смаком хвилясті,0.240000
зі картопляні сиру смаком,васабі зі картопляні рифлені смаком,0.630000
зі картопляні крабу смаком,васабі зі картопляні рифлені смаком,0.610000
зі картопляні крабу смаком,зі картопляні сиру смаком,0.840000
зі картопляні паприки смаком,васабі зі картопляні рифлені смаком,0.570000
зі картопляні паприки смаком,зі картопляні сиру смаком,0.730000
зі картопляні паприки смаком,зі картопляні крабу смаком,0.710000
бекону зі картопляні смаком,васабі зі картопляні рифлені смаком,0.710000
бекону зі картопляні смаком,зі картопляні сиру смаком,0.630000
бекону зі картопляні смаком,зі картопляні крабу смаком,0.610000
бекону зі картопляні смаком,зі картопляні паприки смаком,0.570000
зеленню зі картопляні смаком сметани із,васабі зі картопляні рифлені смаком,0.510000
зеленню зі картопляні смаком сметани із,зі картопляні сиру смаком,0.630000
зеленню зі картопляні смаком сметани із,зі картопляні крабу смаком,0.570000
зеленню зі картопляні смаком сметани із,зі картопляні паприки смаком,0.590000
зі картопляні крабу муп смаком,зі картопляні крабу смаком,1.000000
зі картопляні крабу муп смаком,зі картопляні муп смаком стейк техаський хвилясті,0.620000
зі картопляні крабу муп смаком,в лисички муп сметані хвилясті,0.260000
зі картопляні крабу муп смаком,барбекю зі картопляні крилець смаком хвилясті,0.620000
зелень зі картопляні муп смаком сметана та,зі картопляні крабу муп смаком,0.590000
зелень зі картопляні муп смаком сметана та,зі картопляні муп смаком стейк техаський хвилясті,0.590000
зелень зі картопляні муп смаком сметана та,в лисички муп сметані хвилясті,0.450000
зелень зі картопляні муп смаком сметана та,барбекю зі картопляні крилець смаком хвилясті,0.550000
барбекю зі картопляні смаком,зі картопляні сиру смаком чіпси,0.610000
chippito mr зі картопляні куп смаком сметани та цибулі,зеленню зі картопляні смаком сметани із,0.630000
chippito mr зі картопляні куп смаком сметани та цибулі,барбекю зі картопляні крилець смаком хвилясті,0.470000
chippito mr зі картопляні куп смаком сметани та цибулі,зі картопляні муп смаком стейк техаський хвилясті,0.530000
chippito mr з картопляні куп морською оригінальні сіллю,chippito mr зі картопляні куп смаком сметани та цибулі,0.630000
chippito mr з картопляні куп морською оригінальні сіллю,барбекю зі картопляні смаком,0.340000
chippito mr з картопляні куп морською оригінальні сіллю,барбекю зі картопляні крилець смаком хвилясті,0.470000
chippito mr з картопляні куп морською оригінальні сіллю,зеленню зі картопляні смаком сметани із,0.420000
зі картопляні крабу муп смаком,зелені зі картопляні муп смаком сметани та,0.590000
гриль зі картопляні муп реберець смаком,зелені зі картопляні муп смаком сметани та,0.560000
гриль зі картопляні муп реберець смаком,зі картопляні крабу муп смаком,0.630000`
baked запечені зі картопляні лисичок муп смаком сметані у,baked з запечені зі йогурту картопляні муп смаком травами,0.680000
сир цибуля чеддер чіпси і,зелені зі картопляні муп смаком сметани та,0.240000
сир цибуля чеддер чіпси і,зі картопляні крабу муп смаком,0.300000
max зі картопляні лобстера муп рифлені смаком,зелені зі картопляні муп смаком сметани та,0.630000
max зі картопляні лобстера муп рифлені смаком,зі картопляні крабу муп смаком,0.670000
max зі картопляні лобстера муп рифлені смаком,гриль зі картопляні муп реберець смаком,0.630000
max зі картопляні лобстера муп рифлені смаком,baked з запечені зі йогурту картопляні муп смаком травами,0.500000
зі кукурудзяні начо сиру смаком,барбекю зі кукурудзяні начо смаком,0.710000
зі лисичок муп смаком хвилясті,зі муп смаком сметана та хвилясті цибуля,0.190000
вершках зі лосося смаком у чіпси,зі муп смаком сметана та хвилясті цибуля,0.360000
вершках зі лосося смаком у чіпси,зі лисичок муп смаком хвилясті,0.290000
зі муп паприки смаком хвилясті,зі муп смаком сметана та хвилясті цибуля,0.190000
зі муп паприки смаком хвилясті,зі лисичок муп смаком хвилясті,0.290000
зі муп паприки смаком хвилясті,вершках зі лосося смаком у чіпси,0.190000
зі картопляні паприки смаком,зі картопляні сиру смаком чіпси,0.730000
зі картопляні смаком сметани та цибулі чіпси,зі картопляні сиру смаком чіпси,0.700000
зі картопляні смаком сметани та цибулі чіпси,зі картопляні паприки смаком,0.650000
max зі рифлені смаком сметанацибуля,deepcut max зі сальси смаком,0.400000
baked oven з зі йогурту смаком травами,baked з запечені зі йогурту картопляні муп смаком травами,0.660000
baked oven з зі йогурту смаком травами,baked запечені зі картопляні лисичок муп смаком сметані у,0.360000
max зі королівський рифлені сир смаком,max зі рифлені смаком сметанацибуля,0.320000
max зі королівський рифлені сир смаком,deepcut max зі сальси смаком,0.420000
зі картопляні паприки смаком,зелені зі картопляні муп смаком сметани та,0.600000
зі картопляні паприки смаком,зі картопляні крабу муп смаком,0.710000
зі картопляні сиру смаком,зелені зі картопляні муп смаком сметани та,0.650000
зі картопляні сиру смаком,зі картопляні крабу муп смаком,0.840000
max зі лобстера рифлені смаком,max зі рифлені смаком сметанацибуля,0.480000
max зі лобстера рифлені смаком,max зі королівський рифлені сир смаком,0.440000
max зі лобстера рифлені смаком,deepcut max зі сальси смаком,0.400000
зі картопляні ковбаски смаком та цибулька чорізо,з зі картопляні макарони сиром смаком,0.600000
з картопляні сіллю,зелені зі картопляні муп смаком сметани та,0.590000
з картопляні сіллю,зі картопляні крабу муп смаком,0.690000
з картопляні сіллю,зі картопляні паприки смаком,0.650000
з картопляні сіллю,зі картопляні сиру смаком,0.770000
з запечені зі карамеллю картопляні смаком яблучка,з зі картопляні макарони сиром смаком,0.420000
з запечені зі карамеллю картопляні смаком яблучка,зі картопляні ковбаски смаком та цибулька чорізо,0.420000
зі картопляні краба смаком,зелені зі картопляні муп смаком сметани та,0.590000
зі картопляні краба смаком,зі картопляні крабу муп смаком,0.940000
зі картопляні краба смаком,зі картопляні паприки смаком,0.710000
зі картопляні краба смаком,зі картопляні сиру смаком,0.770000
зелені зі картопляні смаком сметани та,зелені зі картопляні муп смаком сметани і,1.000000
зелені зі картопляні смаком сметани та,зелені зі картопляні муп смаком сметани та,1.000000
зелені зі картопляні смаком сметани та,зі картопляні крабу муп смаком,0.590000
зелені зі картопляні смаком сметани та,зі картопляні паприки смаком,0.600000
зелені зі картопляні смаком сметани та,зі картопляні сиру смаком,0.650000
зі картопляні краба смаком,зелені зі картопляні муп смаком сметани і,0.590000
зі картопляні краба смаком,зелені зі картопляні смаком сметани та,0.590000
зі картопляні сиру смаком,зелені зі картопляні муп смаком сметани і,0.650000
max зі рифлені смаком сметани та цибулі,max strong зі лайму смаком та чилі,0.460000
baked oven зі лисичок смаком сметані у,baked запечені зі картопляні лисичок муп смаком сметані у,0.660000
baked oven зі лисичок смаком сметані у,baked oven з зі йогурту смаком травами,0.580000
baked oven зі лисичок смаком сметані у,baked з запечені зі йогурту картопляні муп смаком травами,0.360000
бекону зі картопляні смаком,зелені зі картопляні муп смаком сметани та,0.620000
бекону зі картопляні смаком,зі картопляні крабу муп смаком,0.610000
зі картопляні крабу смаком,зеленню картопляні смак сметани із,0.550000
зі картопляні сиру смаком,зеленню картопляні смак сметани із,0.570000
зі сиру смаком,зі картопляні сиру смаком чіпси,0.420000
зі кукурудзяні сиру смаком,барбекю зі кукурудзяні смаком,0.630000
зі кукурудзяні смаком сметани,барбекю зі кукурудзяні смаком,0.580000
зі кукурудзяні смаком сметани,зі кукурудзяні сиру смаком,0.800000
зі краба кукурудзяні смаком снеки,зі кукурудзяні сиру смаком снеки,0.670000
з зі коричневого рису смаком хумусу,з з коричневого паприкою рису,0.710000
favore грибів зі смаком,favore зелені зі смаком сметани та,0.470000
лавка нутові оригінальні традицій хлібці,вяленими з лавка нутові томатами традицій хлібці,0.720000
з кмином лавка нутові традицій хлібці,вяленими з лавка нутові томатами традицій хлібці,0.770000
з кмином лавка нутові традицій хлібці,лавка нутові оригінальні традицій хлібці,0.750000
mood snack вироби зі сиру смаком снек фігурні,mood snack барб крикурячих пшенкарт смак снек,0.510000
mood snack бекону зі пшеничні смаком снек,mood snack барб крикурячих пшенкарт смак снек,0.580000
mood snack бекону зі пшеничні смаком снек,mood snack вироби зі сиру смаком снек фігурні,0.570000
з зеленню зі картопляні смаком сметани,зі картопляні крабу смаком,0.570000
baked oven гриль зі овочів смаком,baked oven з зі йогурту смаком травами,0.610000
baked oven гриль зі овочів смаком,baked oven зі лисичок смаком сметані у,0.570000
baked oven гриль зі овочів смаком,baked з запечені зі йогурту картопляні муп смаком травами,0.410000
baked oven гриль зі овочів смаком,baked запечені зі картопляні лисичок муп смаком сметані у,0.380000
max зі лобстера рифлені смаком,max зі рифлені смаком сметани та цибулі,0.470000
max зі лобстера рифлені смаком,max strong зі лайму смаком та чилі,0.360000
зеленої зі картопляні смаком цибулі,зелені зі картопляні муп смаком сметани та,0.720000
зеленої зі картопляні смаком цибулі,зі картопляні крабу муп смаком,0.630000
зеленої зі картопляні смаком цибулі,зі картопляні паприки смаком,0.560000
зеленої зі картопляні смаком цибулі,зі картопляні сиру смаком,0.650000
max strong зі лайму смаком та чилі,deepcut max зі сальси смаком,0.310000
max strong зі лайму смаком та чилі,max зі рифлені смаком сметанацибуля,0.370000
max strong зі лайму смаком та чилі,max зі королівський рифлені сир смаком,0.390000
бекону зі картопляні смаком,зелені зі картопляні муп смаком сметани і,0.620000
бекону зі картопляні смаком,зелені зі картопляні смаком сметани та,0.620000
бекону зі картопляні смаком,зі картопляні краба смаком,0.610000
білих грибів зі зі картопляні смаком сметаною,зелені зі картопляні муп смаком сметани та,0.700000
білих грибів зі зі картопляні смаком сметаною,зі картопляні крабу муп смаком,0.500000
білих грибів зі зі картопляні смаком сметаною,зі картопляні паприки смаком,0.480000
білих грибів зі зі картопляні смаком сметаною,зі картопляні сиру смаком,0.510000
paysanne зі сиру смаком,paysanne зі нормандської оцту сидрового смаком солі та,0.440000
paysanne зі сиру смаком,зі картопляні сиру смаком,0.360000
paysanne зі карамелізованої смаком цибулі,paysanne зі нормандської оцту сидрового смаком солі та,0.560000
paysanne зі карамелізованої смаком цибулі,paysanne зі сиру смаком,0.500000
paysanne зі карамелізованої смаком цибулі,зеленої зі картопляні смаком цибулі,0.460000
paysanne гірчиці діжонської зі курки меду смаком та,paysanne зі нормандської оцту сидрового смаком солі та,0.510000
paysanne гірчиці діжонської зі курки меду смаком та,paysanne зі сиру смаком,0.470000
paysanne гірчиці діжонської зі курки меду смаком та,paysanne зі карамелізованої смаком цибулі,0.520000
з картопляні сіллю,зелені зі картопляні муп смаком сметани і,0.590000
з картопляні сіллю,зелені зі картопляні смаком сметани та,0.590000
з картопляні сіллю,зі картопляні краба смаком,0.690000
з картопляні сіллю,барбекю зі картопляні смаком,0.590000
зі картопляні лобстера рифлені смаком,зелені зі картопляні муп смаком сметани та,0.640000
зі картопляні лобстера рифлені смаком,зі картопляні крабу муп смаком,0.740000
зі картопляні лобстера рифлені смаком,зі картопляні паприки смаком,0.650000
зі картопляні лобстера рифлені смаком,зі картопляні сиру смаком,0.760000
зі картопляні рифлені смаком сметани та цибулі,зеленої зі картопляні смаком цибулі,0.680000
зі картопляні рифлені смаком сметани та цибулі,paysanne зі карамелізованої смаком цибулі,0.500000
зі картопляні рифлені смаком сметани та цибулі,зі картопляні лобстера рифлені смаком,0.640000
зі картопляні рифлені смаком сметани та цибулі,зелені зі картопляні муп смаком сметани та,0.720000
гострим з картопляні смаком шалено,з зі картопляні макарони сиром смаком,0.560000
гострим з картопляні смаком шалено,зі картопляні ковбаски смаком та цибулька чорізо,0.470000
гострим з картопляні смаком шалено,з запечені зі карамеллю картопляні смаком яблучка,0.480000
berry goji безалкогольний газований зб,black cherry безалкогольний газований зб,0.450000
energy безаолкогольни виноград зб,energy безаолкогольни вишня зб,0.880000
unicorn безалкогольний зб сильногазований,mix безалкогольний зб сильногазований,0.200000
juiced lemonade peach безалкогольний зб,mix безалкогольний зб сильногазований,0.080000
juiced lemonade peach безалкогольний зб,unicorn безалкогольний зб сильногазований,0.360000
cola taste безалкогольний зб сильногазований,mix безалкогольний зб сильногазований,0.000000
cola taste безалкогольний зб сильногазований,unicorn безалкогольний зб сильногазований,0.240000
cola taste безалкогольний зб сильногазований,juiced lemonade peach безалкогольний зб,0.320000
exotic безалкогольний зб сильногазований,mix безалкогольний зб сильногазований,0.220000
exotic безалкогольний зб сильногазований,unicorn безалкогольний зб сильногазований,0.310000
exotic безалкогольний зб сильногазований,cola taste безалкогольний зб сильногазований,0.250000
exotic безалкогольний зб сильногазований,juiced lemonade peach безалкогольний зб,0.220000
apple juiced sour безалкогольний зб,juiced lemonade peach безалкогольний зб,0.420000
apple juiced sour безалкогольний зб,mix безалкогольний зб сильногазований,0.100000
apple juiced sour безалкогольний зб,unicorn безалкогольний зб сильногазований,0.420000
apple juiced sour безалкогольний зб,cola taste безалкогольний зб сильногазований,0.220000
безалкогольний воля зб середньогазований,безалкогольний воля зб ківіполуниця,0.410000
воля зб мікс ягідний,безалкогольний воля зб ківіполуниця,0.530000
воля зб мікс ягідний,безалкогольний воля зб середньогазований,0.510000
green stalker безалкогольний зб сильногазований,безалкогольний еволюшн сильногазований фреш,0.080000
boost безалкогольний зб сильногазований,безалкогольний еволюшн сильногазований фреш,0.000000
boost безалкогольний зб сильногазований,green stalker безалкогольний зб сильногазований,0.220000
безалкогольний сильногазований,безалкогольний еволюшн сильногазований фреш,0.000000
безалкогольний сильногазований,green stalker безалкогольний зб сильногазований,0.000000
безалкогольний сильногазований,boost безалкогольний зб сильногазований,0.000000
evolution fresh jungle безалкогольний зб,boost безалкогольний зб сильногазований,0.220000
безалкогольний зі смаком тропічних фруктів,безалкогольний,0.000000
безалкогольний зб,sugar zero безалкогольний зб,0.000000
coconut mango безалкогольний зб,sugar zero безалкогольний зб,0.260000
coconut mango безалкогольний зб,безалкогольний зб,0.000000
cactus kiwi безалкогольний зб,sugar zero безалкогольний зб,0.190000
cactus kiwi безалкогольний зб,безалкогольний зб,0.000000
cactus kiwi безалкогольний зб,coconut mango безалкогольний зб,0.330000
безалкогольний зб сильногазований,exotic безалкогольний зб сильногазований,0.000000
loco mango енергетичний жб напій,ultra енергетичний жб напій,0.770000
energy енергетичний жб напій,ultra енергетичний жб напій,0.790000
energy енергетичний жб напій,loco mango енергетичний жб напій,0.750000
cactus dog wild безалкогольний енергетичний напій пет,dog wild безалкогольний енергетичний напій пет,0.860000
boost безалкогольний енергетичний жб напій сильногазований,boost безалкогольний зб сильногазований,0.380000
boost безалкогольний енергетичний жб напій сильногазований,evolution fresh jungle безалкогольний зб,0.190000
безалкогольний енергетичний напій сильногазований,безалкогольний еволюшн сильногазований фреш,0.330000
безалкогольний енергетичний напій сильногазований,green stalker безалкогольний зб сильногазований,0.000000
безалкогольний енергетичний напій сильногазований,boost безалкогольний зб сильногазований,0.000000
безалкогольний енергетичний напій сильногазований,безалкогольний сильногазований,0.000000
zoom безалкогольний енергетичний жб напій сильногазований,безалкогольний енергетичний напій сильногазований,0.750000
zoom безалкогольний енергетичний жб напій сильногазований,безалкогольний еволюшн сильногазований фреш,0.250000
zoom безалкогольний енергетичний жб напій сильногазований,green stalker безалкогольний зб сильногазований,0.060000
zoom безалкогольний енергетичний жб напій сильногазований,boost безалкогольний зб сильногазований,0.160000
jungle безалкогольний енергетичний напій сильногазований,безалкогольний енергетичний напій сильногазований,0.770000
jungle безалкогольний енергетичний напій сильногазований,zoom безалкогольний енергетичний жб напій сильногазований,0.670000
jungle безалкогольний енергетичний напій сильногазований,безалкогольний еволюшн сильногазований фреш,0.260000
jungle безалкогольний енергетичний напій сильногазований,green stalker безалкогольний зб сильногазований,0.190000
безалкогольний енергетичний напій сильногазований,boost безалкогольний енергетичний жб напій сильногазований,0.730000
безалкогольний енергетичний напій сильногазований,evolution fresh jungle безалкогольний зб,0.000000
eнepгeтичний juiced lemonade peach бeзaлкoгoльний гaзoвaний жб напій,juiced lemonade peach безалкогольний зб,0.510000
eнepгeтичний juiced lemonade peach бeзaлкoгoльний гaзoвaний жб напій,apple juiced sour безалкогольний зб,0.280000
apple eнepгeтичний juiced sour бeзaлкoгoльний гaзoвaний жб напій,eнepгeтичний juiced lemonade peach бeзaлкoгoльний гaзoвaний жб напій,0.820000
apple eнepгeтичний juiced sour бeзaлкoгoльний гaзoвaний жб напій,apple juiced sour безалкогольний зб,0.450000
apple eнepгeтичний juiced sour бeзaлкoгoльний гaзoвaний жб напій,juiced lemonade peach безалкогольний зб,0.280000
eнepгeтичний жб зі нaпій смаком яблукоківі,безалкогольний енергетичний жб напій сильногазований,0.470000
eнepгeтичний maracuja spritz бeзaлкoгoльний гaзoвaний жб нaпій,eнepгeтичний sparkler бeзaлкoгoльний винограду гaзoвaний жб зі нaпій смаком,0.790000
classic plus безалкогольний газований енергетичний напій,eнepгeтичний sparkler бeзaлкoгoльний винограду гaзoвaний жб зі нaпій смаком,0.220000
classic plus безалкогольний газований енергетичний напій,eнepгeтичний maracuja spritz бeзaлкoгoльний гaзoвaний жб нaпій,0.230000
classic plus безалкогольний газований енергетичний напій,асорті безалкогольний зб зі сильногазований смаком фруктів,0.150000
eнepгeтичний silver нaпій пет,eнepгeтичний power бeзaлкoгoльний жб нaпій,0.630000
безалкогольний виноград енергетичний жб напій сильногазований,energy безаолкогольни виноград зб,0.300000
безалкогольний вишня енергетичний жб напій сильногазований,energy безаолкогольни вишня зб,0.250000
безалкогольний вишня енергетичний жб напій сильногазований,безалкогольний виноград енергетичний жб напій сильногазований,0.840000
black cherry kiwi безалкогольний зб,fruit punch venom безалкогольний зб,0.240000
original безалкогольний зб,fruit punch venom безалкогольний зб,0.240000
original безалкогольний зб,black cherry kiwi безалкогольний зб,0.240000
mango безалкогольний зб,fruit punch venom безалкогольний зб,0.180000
mango безалкогольний зб,black cherry kiwi безалкогольний зб,0.090000
mango безалкогольний зб,original безалкогольний зб,0.150000
original без безалкогольний зб цукру,original безалкогольний зб,0.620000
original без безалкогольний зб цукру,fruit punch venom безалкогольний зб,0.230000
original без безалкогольний зб цукру,black cherry kiwi безалкогольний зб,0.170000
original без безалкогольний зб цукру,mango безалкогольний зб,0.090000
watermelonstrawberry безалкогольний газований зб,mango безалкогольний газований зб,0.160000
безалкогольний зб кавунполуниця,безалкогольний зб манго,0.330000
cherry wild безалкогольний газований зб,mango безалкогольний газований зб,0.000000
cherry wild безалкогольний газований зб,watermelonstrawberry безалкогольний газований зб,0.260000
black punch wild безалкогольний зб,безалкогольний зб манго,0.000000
black punch wild безалкогольний зб,безалкогольний зб кавунполуниця,0.000000
energy original безаолкогольни зб,energy безаолкогольни вишня зб,0.740000
energy original безаолкогольни зб,energy безаолкогольни виноград зб,0.700000
mojito безалкогольний газований зб,original безалкогольний газований зб,0.290000
sugar zero безалкогольний газований зб,original безалкогольний газований зб,0.220000
sugar zero безалкогольний газований зб,mojito безалкогольний газований зб,0.130000
sex безалкогольний газований зб,original безалкогольний газований зб,0.000000
sex безалкогольний газований зб,mojito безалкогольний газований зб,0.000000
sex безалкогольний газований зб,sugar zero безалкогольний газований зб,0.310000
after alcohol безалкогольний зб,original безалкогольний газований зб,0.290000
after alcohol безалкогольний зб,mojito безалкогольний газований зб,0.210000
after alcohol безалкогольний зб,sugar zero безалкогольний газований зб,0.350000
after alcohol безалкогольний зб,sex безалкогольний газований зб,0.130000
безалкогольний воля журавлина зб,безалкогольний воля зб ківіполуниця,0.520000
безалкогольний воля журавлина зб,безалкогольний воля зб середньогазований,0.500000
безалкогольний воля журавлина зб,воля зб мікс ягідний,0.390000
безалкогольний воля зб мангоапельсин,безалкогольний воля зб ківіполуниця,0.460000
безалкогольний воля зб мангоапельсин,безалкогольний воля зб середньогазований,0.500000
безалкогольний воля зб мангоапельсин,безалкогольний воля журавлина зб,0.560000
безалкогольний воля зб мангоапельсин,воля зб мікс ягідний,0.460000
strawberrybanana безалкогольний газований зб,black cherry безалкогольний газований зб,0.360000
strawberrybanana безалкогольний газований зб,berry goji безалкогольний газований зб,0.380000
peachlemon безалкогольний газований зб,black cherry безалкогольний газований зб,0.360000
peachlemon безалкогольний газований зб,berry goji безалкогольний газований зб,0.200000
peachlemon безалкогольний газований зб,strawberrybanana безалкогольний газований зб,0.230000
apple green безалкогольний газований зб,black cherry безалкогольний газований зб,0.260000
apple green безалкогольний газований зб,berry goji безалкогольний газований зб,0.290000
apple green безалкогольний газований зб,strawberrybanana безалкогольний газований зб,0.300000
apple green безалкогольний газований зб,peachlemon безалкогольний газований зб,0.380000
strong watermelon безалкогольний зб,асорті безалкогольний зб зі сильногазований смаком фруктів,0.060000
strong watermelon безалкогольний зб,classic plus безалкогольний газований енергетичний напій,0.140000
multi безалкогольний газований зб,classic plus безалкогольний газований енергетичний напій,0.130000
multi безалкогольний газований зб,асорті безалкогольний зб зі сильногазований смаком фруктів,0.000000
multi безалкогольний газований зб,strong watermelon безалкогольний зб,0.180000
grapefruit groovy безалкогольний зб,асорті безалкогольний зб зі сильногазований смаком фруктів,0.060000
grapefruit groovy безалкогольний зб,classic plus безалкогольний газований енергетичний напій,0.190000
grapefruit groovy безалкогольний зб,strong watermelon безалкогольний зб,0.290000
grapefruit groovy безалкогольний зб,multi безалкогольний газований зб,0.180000
безалкогольний газований яблуко,classic plus безалкогольний газований енергетичний напій,0.000000
безалкогольний газований яблуко,multi безалкогольний газований зб,0.000000
безалкогольний газований яблуко,асорті безалкогольний зб зі сильногазований смаком фруктів,0.200000
безалкогольний газований яблуко,strong watermelon безалкогольний зб,0.000000
focus безалкогольний газований зб,classic plus безалкогольний газований енергетичний напій,0.200000
focus безалкогольний газований зб,multi безалкогольний газований зб,0.200000
focus безалкогольний газований зб,безалкогольний газований яблуко,0.000000
focus безалкогольний газований зб,асорті безалкогольний зб зі сильногазований смаком фруктів,0.000000
chillin guanabanamango безалкогольний газований,classic plus безалкогольний газований енергетичний напій,0.210000
chillin guanabanamango безалкогольний газований,multi безалкогольний газований зб,0.150000
chillin guanabanamango безалкогольний газований,безалкогольний газований яблуко,0.000000
chillin guanabanamango безалкогольний газований,focus безалкогольний газований зб,0.150000
pvp безалкогольний газований зб,classic plus безалкогольний газований енергетичний напій,0.070000
pvp безалкогольний газований зб,multi безалкогольний газований зб,0.000000
pvp безалкогольний газований зб,безалкогольний газований яблуко,0.000000
pvp безалкогольний газований зб,focus безалкогольний газований зб,0.000000
nova безалкогольний газований зб,classic plus безалкогольний газований енергетичний напій,0.070000
nova безалкогольний газований зб,multi безалкогольний газований зб,0.000000
nova безалкогольний газований зб,безалкогольний газований яблуко,0.000000
nova безалкогольний газований зб,focus безалкогольний газований зб,0.220000
ai безалкогольний газований зб,classic plus безалкогольний газований енергетичний напій,0.000000
ai безалкогольний газований зб,multi безалкогольний газований зб,0.000000
ai безалкогольний газований зб,безалкогольний газований яблуко,0.000000
ai безалкогольний газований зб,focus безалкогольний газований зб,0.000000
original безалкогольний,безалкогольний енергетичний жб напій сильногазований,0.000000
dark безалкогольний еnergy зб,безалкогольний енергетичний жб напій сильногазований,0.080000
dark безалкогольний еnergy зб,original безалкогольний,0.210000
apple kiwi безалкогольний,безалкогольний енергетичний жб напій сильногазований,0.080000
apple kiwi безалкогольний,original безалкогольний,0.220000
apple kiwi безалкогольний,dark безалкогольний еnergy зб,0.190000
guava безалкогольний зб,безалкогольний енергетичний жб напій сильногазований,0.000000
guava безалкогольний зб,original безалкогольний,0.310000
guava безалкогольний зб,dark безалкогольний еnergy зб,0.130000
guava безалкогольний зб,apple kiwi безалкогольний,0.130000
безалкогольний манго,безалкогольний енергетичний жб напій сильногазований,0.200000
безалкогольний манго,original безалкогольний,0.000000
безалкогольний манго,dark безалкогольний еnergy зб,0.000000
безалкогольний манго,apple kiwi безалкогольний,0.000000
fruit punch безалкогольний зб,безалкогольний енергетичний жб напій сильногазований,0.080000
fruit punch безалкогольний зб,original безалкогольний,0.320000
fruit punch безалкогольний зб,dark безалкогольний еnergy зб,0.270000
fruit punch безалкогольний зб,apple kiwi безалкогольний,0.100000
fire orange безалкогольний зб сильногазований,безалкогольний енергетичний жб напій сильногазований,0.080000
fire orange безалкогольний зб сильногазований,original безалкогольний,0.320000
fire orange безалкогольний зб сильногазований,dark безалкогольний еnergy зб,0.360000
fire orange безалкогольний зб сильногазований,apple kiwi безалкогольний,0.190000
без безалкогольний цукру,безалкогольний,0.000000
без безалкогольний цукру,безалкогольний зі смаком тропічних фруктів,0.230000
безалкогольний зб середньогазований,безалкогольний,0.000000
безалкогольний зб середньогазований,безалкогольний зі смаком тропічних фруктів,0.240000
безалкогольний зб середньогазований,без безалкогольний цукру,0.150000
безалкогольний зі кавуна смаком,безалкогольний,0.000000
безалкогольний зі кавуна смаком,безалкогольний зі смаком тропічних фруктів,0.170000
безалкогольний зі кавуна смаком,без безалкогольний цукру,0.270000
безалкогольний зі кавуна смаком,безалкогольний зб середньогазований,0.260000
безалкогольний,boost безалкогольний зб сильногазований,0.000000
безалкогольний,evolution fresh jungle безалкогольний зб,0.000000
безалкогольний,boost безалкогольний енергетичний жб напій сильногазований,0.000000
безалкогольний,безалкогольний енергетичний напій сильногазований,0.000000
безалкогольний зб років,безалкогольний еволюшн сильногазований фреш,0.120000
безалкогольний зб років,green stalker безалкогольний зб сильногазований,0.000000
безалкогольний зб років,boost безалкогольний зб сильногазований,0.000000
безалкогольний зб років,безалкогольний сильногазований,0.000000
green stalker безалкогольний зб сильногазований,boost безалкогольний енергетичний жб напій сильногазований,0.120000
green stalker безалкогольний зб сильногазований,evolution fresh jungle безалкогольний зб,0.340000
безалкогольний,jungle безалкогольний сильногазований,0.000000
zoom безалкогольний зб сильногазований,zoom безалкогольний енергетичний жб напій сильногазований,0.330000
zoom безалкогольний зб сильногазований,безалкогольний еволюшн сильногазований фреш,0.000000
zoom безалкогольний зб сильногазований,green stalker безалкогольний зб сильногазований,0.000000
zoom безалкогольний зб сильногазований,boost безалкогольний зб сильногазований,0.440000
zoom безалкогольний зб сильногазований,boost безалкогольний енергетичний жб напій сильногазований,0.160000
zoom безалкогольний зб сильногазований,безалкогольний енергетичний напій сильногазований,0.000000
moonlight stalker безалкогольний зб сильногазований,green stalker безалкогольний зб сильногазований,0.600000
moonlight stalker безалкогольний зб сильногазований,безалкогольний еволюшн сильногазований фреш,0.070000
moonlight stalker безалкогольний зб сильногазований,boost безалкогольний зб сильногазований,0.360000
moonlight stalker безалкогольний зб сильногазований,безалкогольний сильногазований,0.000000
ultra безалкогольний зб сильногазований,безалкогольний еволюшн сильногазований фреш,0.000000
ultra безалкогольний зб сильногазований,green stalker безалкогольний зб сильногазований,0.220000
ultra безалкогольний зб сильногазований,boost безалкогольний зб сильногазований,0.200000
ultra безалкогольний зб сильногазований,безалкогольний сильногазований,0.000000
stalker безалкоголний зб сильногазований,green stalker безалкогольний зб сильногазований,0.410000
stalker безалкоголний зб сильногазований,moonlight stalker безалкогольний зб сильногазований,0.370000
stalker безалкоголний зб сильногазований,безалкогольний еволюшн сильногазований фреш,0.240000
stalker безалкоголний зб сильногазований,boost безалкогольний зб сильногазований,0.150000
moonlight stalker безалкогольний зб сильногазований,boost безалкогольний енергетичний жб напій сильногазований,0.210000
moonlight stalker безалкогольний зб сильногазований,безалкогольний енергетичний напій сильногазований,0.000000
безалкогольний зб сильногазований,mix безалкогольний зб сильногазований,0.000000
безалкогольний зб сильногазований,unicorn безалкогольний зб сильногазований,0.000000
безалкогольний зб сильногазований,cola taste безалкогольний зб сильногазований,0.000000
frsh безалкогольний зб сильногазований,mix безалкогольний зб сильногазований,0.000000
frsh безалкогольний зб сильногазований,unicorn безалкогольний зб сильногазований,0.180000
frsh безалкогольний зб сильногазований,cola taste безалкогольний зб сильногазований,0.140000
frsh безалкогольний зб сильногазований,exotic безалкогольний зб сильногазований,0.000000
безалкогольний зб сильногазований,frsh безалкогольний зб сильногазований,0.000000
cosm energy nitro peach безалкогольний газований,energy енергетичний жб напій,0.360000
brew killer loca moca газований зб,bean brew killer mean газований зб,0.670000
classic безалкогольний газований,classic max безалкогольний газований,0.780000
mango max безалкогольний газований,classic max безалкогольний газований,0.500000
mango max безалкогольний газований,classic безалкогольний газований,0.130000
classic zero безалкогольний газований,classic max безалкогольний газований,0.700000
classic zero безалкогольний газований,classic безалкогольний газований,0.740000
classic zero безалкогольний газований,mango max безалкогольний газований,0.190000
ultra безалкогольний зб,paradise ultra безалкогольний,0.530000
monster ultrafiesta безалкогольний газований зб,paradise ultra безалкогольний,0.480000
monster ultrafiesta безалкогольний газований зб,ultra безалкогольний зб,0.420000
безалкогольний зб,paradise ultra безалкогольний,0.000000
безалкогольний зб,ultra безалкогольний зб,0.000000
безалкогольний зб,monster ultrafiesta безалкогольний газований зб,0.000000
aussie juice lemonade безалкогольний зб,paradise ultra безалкогольний,0.400000
aussie juice lemonade безалкогольний зб,ultra безалкогольний зб,0.230000
aussie juice lemonade безалкогольний зб,monster ultrafiesta безалкогольний газований зб,0.350000
aussie juice lemonade безалкогольний зб,безалкогольний зб,0.000000
apple bad безалкогольний зб,paradise ultra безалкогольний,0.350000
apple bad безалкогольний зб,ultra безалкогольний зб,0.290000
apple bad безалкогольний зб,monster ultrafiesta безалкогольний газований зб,0.210000
apple bad безалкогольний зб,безалкогольний зб,0.000000
sugar zero безалкогольний зб,paradise ultra безалкогольний,0.330000
sugar zero безалкогольний зб,ultra безалкогольний зб,0.270000
sugar zero безалкогольний зб,monster ultrafiesta безалкогольний газований зб,0.280000
rosa ultra безалкогольний зб,paradise ultra безалкогольний,0.670000
rosa ultra безалкогольний зб,ultra безалкогольний зб,0.670000
rosa ultra безалкогольний зб,monster ultrafiesta безалкогольний газований зб,0.550000
rosa ultra безалкогольний зб,безалкогольний зб,0.000000
doctor the безалкогольний зб,paradise ultra безалкогольний,0.250000
doctor the безалкогольний зб,ultra безалкогольний зб,0.270000
doctor the безалкогольний зб,monster ultrafiesta безалкогольний газований зб,0.410000
doctor the безалкогольний зб,безалкогольний зб,0.000000
nitro безалкогольний газований зб,monster ultrafiesta безалкогольний газований зб,0.250000
nitro безалкогольний газований зб,paradise ultra безалкогольний,0.320000
nitro безалкогольний газований зб,ultra безалкогольний зб,0.400000
nitro безалкогольний газований зб,безалкогольний зб,0.000000
punch rio безалкогольний зб сильногазований,paradise ultra безалкогольний,0.260000
punch rio безалкогольний зб сильногазований,ultra безалкогольний зб,0.290000
punch rio безалкогольний зб сильногазований,monster ultrafiesta безалкогольний газований зб,0.290000
punch rio безалкогольний зб сильногазований,безалкогольний зб,0.000000
khaotic безалкогольний зб,paradise ultra безалкогольний,0.190000
khaotic безалкогольний зб,ultra безалкогольний зб,0.170000
khaotic безалкогольний зб,monster ultrafiesta безалкогольний газований зб,0.230000
khaotic безалкогольний зб,безалкогольний зб,0.000000
mocha безалкогольний зб,french vanilla безалкогольний зб,0.320000
caramel salted безалкогольний зб,french vanilla безалкогольний зб,0.360000
caramel salted безалкогольний зб,mocha безалкогольний зб,0.210000
green mega безалкогольний газований зб,mega ultra zero безалкогольний газований зб,0.320000
locarb mega безалкогольний зб сильногазований,mega ultra zero безалкогольний газований зб,0.310000
locarb mega безалкогольний зб сильногазований,green mega безалкогольний газований зб,0.570000
strawberry безалкогольний зб,paradise ultra безалкогольний,0.330000
strawberry безалкогольний зб,ultra безалкогольний зб,0.400000
strawberry безалкогольний зб,monster ultrafiesta безалкогольний газований зб,0.340000
strawberry безалкогольний зб,безалкогольний зб,0.000000
irish java безалкогольний зб кавововий сreme,french vanilla безалкогольний зб,0.250000
irish java безалкогольний зб кавововий сreme,mocha безалкогольний зб,0.130000
irish java безалкогольний зб кавововий сreme,caramel salted безалкогольний зб,0.200000
mangoloco monster безалкогольний газований зб,monster ultrafiesta безалкогольний газований зб,0.390000
mangoloco monster безалкогольний газований зб,nitro безалкогольний газований зб,0.270000
mangoloco monster безалкогольний газований зб,paradise ultra безалкогольний,0.260000
mangoloco monster безалкогольний газований зб,ultra безалкогольний зб,0.270000
ultra violet безалкогольний,paradise ultra безалкогольний,0.380000
ultra violet безалкогольний,ultra безалкогольний зб,0.590000
ultra violet безалкогольний,rosa ultra безалкогольний зб,0.450000
ultra violet безалкогольний,mangoloco monster безалкогольний газований зб,0.280000
monster pacific punch безалкогольний,monster ultrafiesta безалкогольний газований зб,0.550000
monster pacific punch безалкогольний,mangoloco monster безалкогольний газований зб,0.370000
monster pacific punch безалкогольний,punch rio безалкогольний зб сильногазований,0.330000
monster pacific punch безалкогольний,strawberry безалкогольний зб,0.260000
keen peachy безалкогольний зб,mangoloco monster безалкогольний газований зб,0.210000
keen peachy безалкогольний зб,ultra violet безалкогольний,0.170000
keen peachy безалкогольний зб,monster pacific punch безалкогольний,0.380000
keen peachy безалкогольний зб,paradise ultra безалкогольний,0.240000
pipeline punch безалкогольний зб,punch rio безалкогольний зб сильногазований,0.430000
pipeline punch безалкогольний зб,monster pacific punch безалкогольний,0.510000
pipeline punch безалкогольний зб,strawberry безалкогольний зб,0.080000
pipeline punch безалкогольний зб,mangoloco monster безалкогольний газований зб,0.190000
безалкогольний сильногазований,doctor the безалкогольний сильногазований,0.000000
monarch безалкогольний зб,mangoloco monster безалкогольний газований зб,0.330000
monarch безалкогольний зб,ultra violet безалкогольний,0.110000
monarch безалкогольний зб,monster pacific punch безалкогольний,0.430000
monarch безалкогольний зб,paradise ultra безалкогольний,0.190000
hamilton monster zero безалкогольний зб,monster ultrafiesta безалкогольний газований зб,0.450000
hamilton monster zero безалкогольний зб,mangoloco monster безалкогольний газований зб,0.580000
hamilton monster zero безалкогольний зб,monster pacific punch безалкогольний,0.380000
hamilton monster zero безалкогольний зб,sugar zero безалкогольний зб,0.450000
power безалкогольний сильногазований,безалкогольний сильногазований,0.000000
power безалкогольний зб сильногазований,exotic безалкогольний зб сильногазований,0.180000
power безалкогольний зб сильногазований,безалкогольний зб сильногазований,0.000000
silver безалкогольний зб сильногазований,безалкогольний зб сильногазований,0.000000
silver безалкогольний зб сильногазований,exotic безалкогольний зб сильногазований,0.170000
power безалкогольний зб сильногазований,eнepгeтичний power бeзaлкoгoльний жб нaпій,0.210000
power безалкогольний зб сильногазований,silver безалкогольний зб сильногазований,0.360000
silver безалкогольний сильногазований,безалкогольний сильногазований,0.000000
silver безалкогольний сильногазований,power безалкогольний сильногазований,0.360000
silver безалкогольний сильногазований,exotic безалкогольний зб сильногазований,0.170000
silver безалкогольний сильногазований,безалкогольний зб сильногазований,0.000000
silver безалкогольний сильногазований,power безалкогольний зб сильногазований,0.360000
power безалкогольний сильногазований,power безалкогольний зб сильногазований,1.000000
power безалкогольний сильногазований,exotic безалкогольний зб сильногазований,0.180000
power безалкогольний сильногазований,безалкогольний зб сильногазований,0.000000
безалкогольний сильногазований,exotic безалкогольний зб сильногазований,0.000000
безалкогольний сильногазований,безалкогольний зб сильногазований,0.000000
безалкогольний сильногазований,power безалкогольний зб сильногазований,0.000000
безалкогольний зб сильногазований х,безалкогольний зб сильногазований,0.000000
безалкогольний зб сильногазований х,exotic безалкогольний зб сильногазований,0.000000
безалкогольний зб сильногазований х,silver безалкогольний зб сильногазований,0.000000
безалкогольний зб сильногазований х,power безалкогольний зб сильногазований,0.000000
нeктap пет тoмaтний,напій пет соковий яблуковишня,0.150000
нeктap пет тoмaтний,виноградгранат напій пет соковий,0.140000
апельсин напій пет соковий,напій пет соковий яблуковишня,0.320000
апельсин напій пет соковий,виноградгранат напій пет соковий,0.180000
апельсин напій пет соковий,ананасу вибір напій пет розумнирй смак соковмісний,0.220000
апельсин напій пет соковий,нeктap пет тoмaтний,0.090000
fitness апельсиновогрейпфрутовий екстрактом з листя нектар стевії,select гранат нектар тетрапак,0.170000
select бaнaнпoлуниця нектap,select гранат нектар тетрапак,0.450000
вишня нектар,select гранат нектар тетрапак,0.110000
вишня нектар,fitness апельсиновогрейпфрутовий екстрактом з листя нектар стевії,0.100000
сік тетpaпaк яблуко,select гранат нектар тетрапак,0.070000
сік тетpaпaк яблуко,fitness апельсиновогрейпфрутовий екстрактом з листя нектар стевії,0.170000
сік тетpaпaк яблуко,вишня нектар,0.100000
апельсин нектap тетpaпaк,сік тетpaпaк яблуко,0.410000
апельсин нектap тетpaпaк,select бaнaнпoлуниця нектap,0.390000
апельсин нектap тетpaпaк,select гранат нектар тетрапак,0.160000
апельсин нектap тетpaпaк,fitness апельсиновогрейпфрутовий екстрактом з листя нектар стевії,0.380000
екстpaктoм з з листя мaнгo нектap плoдiв стевiї,select бaнaнпoлуниця нектap,0.340000
екстpaктoм з з листя мaнгo нектap плoдiв стевiї,fitness апельсиновогрейпфрутовий екстрактом з листя нектар стевії,0.380000
екстpaктoм з з листя мaнгo нектap плoдiв стевiї,апельсин нектap тетpaпaк,0.420000
ананас нектар,select бaнaнпoлуниця нектap,0.120000
ананас нектар,екстpaктoм з з листя мaнгo нектap плoдiв стевiї,0.120000
ананас нектар,select гранат нектар тетрапак,0.320000
ананас нектар,fitness апельсиновогрейпфрутовий екстрактом з листя нектар стевії,0.130000
мультифруктовий нектар тетрапак тропічні фрукти,select гранат нектар тетрапак,0.180000
мультифруктовий нектар тетрапак тропічні фрукти,fitness апельсиновогрейпфрутовий екстрактом з листя нектар стевії,0.390000
мультифруктовий нектар тетрапак тропічні фрукти,вишня нектар,0.170000
мультифруктовий нектар тетрапак тропічні фрукти,сік тетpaпaк яблуко,0.260000
мультивітамін нектар,апельсин напій сицилійський соковий червоний,0.230000
лимон нектар,мультивітамін нектар,0.440000
лимон нектар,апельсин напій сицилійський соковий червоний,0.230000
гранат нектар,мультивітамін нектар,0.210000
гранат нектар,лимон нектар,0.180000
гранат нектар,апельсин напій сицилійський соковий червоний,0.110000
банановий нектар,мультивітамін нектар,0.180000
банановий нектар,лимон нектар,0.140000
банановий нектар,гранат нектар,0.400000
банановий нектар,апельсин напій сицилійський соковий червоний,0.260000
ананас нектар,мультивітамін нектар,0.210000
ананас нектар,лимон нектар,0.180000
ананас нектар,гранат нектар,0.500000
ананас нектар,банановий нектар,0.530000
з сік сіллю тетрапак томатний,банановояблучнополуничний нeктap,0.220000
сік яблуко,ананас нектар,0.000000
сік яблуко,апельсин напій сицилійський соковий червоний,0.170000
сік яблуко,мультивітамін нектар,0.110000
сік яблуко,лимон нектар,0.360000
апельсин сік,апельсин напій сицилійський соковий червоний,0.420000
апельсин сік,сік яблуко,0.140000
апельсин сік,банановий нектар,0.240000
апельсин сік,ананас нектар,0.290000
вишня нектар,мультивітамін нектар,0.220000
вишня нектар,лимон нектар,0.400000
вишня нектар,гранат нектар,0.180000
вишня нектар,банановий нектар,0.290000
з пікантний сік сіллю тeтpaпaк тoмaтний,з сік сіллю тeтpaпaк томатний,0.750000
з пікантний сік сіллю тeтpaпaк тoмaтний,банановояблучнополуничний нeктap,0.310000
з пікантний сік сіллю тeтpaпaк тoмaтний,сік яблуко,0.100000
винограду нектар тетрапак червоного із,з сік сіллю тетрапак томатний,0.180000
винограду нектар тетрапак червоного із,банановояблучнополуничний нектар тетрапак,0.320000
винограду нектар тетрапак червоного із,банановояблучнополуничний нeктap,0.270000
винограду нектар тетрапак червоного із,з пікантний сік сіллю тeтpaпaк тoмaтний,0.120000
нектар яблуковиноград,апельсиновий нектар окздх тетрапак,0.310000
з мякоттю нaш окздх сік сік тeтpaпaк яблучноперсиковий,апельсиновий нектар окздх тетрапак,0.320000
з мякоттю нaш окздх сік сік тeтpaпaк яблучноперсиковий,нектар яблуковиноград,0.310000
нектар окздх яблуко,окздх сік томат,0.180000
гранат нектар окздх,нектар окздх яблуко,0.000000
гранат нектар окздх,окздх сік томат,0.360000
мультифруктовий нектар окздх,окздх сік томат,0.200000
мультифруктовий нектар окздх,нектар окздх яблуко,0.380000
мультифруктовий нектар окздх,гранат нектар окздх,0.190000
виноградяблуко нектар та яблуковиноград,мультифруктовий нектар окздх,0.320000
виноградяблуко нектар та яблуковиноград,окздх сік томат,0.120000
виноградяблуко нектар та яблуковиноград,нектар окздх яблуко,0.340000
виноградяблуко нектар та яблуковиноград,гранат нектар окздх,0.290000
мультифруктовий нектар неосвітлений окздх пастеризований,нектар окздх яблуко,0.380000
мультивітамін окздх сік тетрапак,нектар окздх яблуко,0.110000
мультивітамін окздх сік тетрапак,мультифруктовий нектар неосвітлений окздх пастеризований,0.500000
вишневий нектар окздх,нектар окздх яблуко,0.000000
вишневий нектар окздх,мультифруктовий нектар неосвітлений окздх пастеризований,0.350000
вишневий нектар окздх,мультивітамін окздх сік тетрапак,0.190000
окздх сік яблучноморквяний,з мякоттю нaш окздх сік сік тeтpaпaк яблучноперсиковий,0.440000
окздх сік яблучноморквяний,апельсиновий нектар окздх тетрапак,0.430000
окздх сік яблучноморквяний,нектар яблуковиноград,0.470000
нектар яблуковиноград,мультивітамін окздх сік тетрапак,0.220000
нектар яблуковиноград,нектар окздх яблуко,0.600000
нектар яблуковиноград,мультифруктовий нектар неосвітлений окздх пастеризований,0.410000
нектар яблуковиноград,вишневий нектар окздх,0.270000
мультифруктовий нектар окздх серія тропічна,апельсиновий нектар окздх тетрапак,0.330000
мультифруктовий нектар окздх серія тропічна,з мякоттю нaш окздх сік сік тeтpaпaк яблучноперсиковий,0.260000
мультифруктовий нектар окздх серія тропічна,окздх сік яблучноморквяний,0.260000
мультифруктовий нектар окздх серія тропічна,нектар яблуковиноград,0.360000
лимон лимонад,лимонад тархун,0.180000
кремсода лимонад,лимонад тархун,0.140000
кремсода лимонад,лимон лимонад,0.310000
груша лимонад,лимонад тархун,0.360000
груша лимонад,лимон лимонад,0.000000
груша лимонад,кремсода лимонад,0.310000
limonati груша зб сильногазований,limonati зб сильногазований тархун,0.760000
limonati аджарський зб мандарин сильногазований,limonati зб сильногазований тархун,0.560000
limonati аджарський зб мандарин сильногазований,limonati груша зб сильногазований,0.520000
limonati сильногазований скло цитрус,limonati аджарський мандарин сильногазований скло,0.510000
limonati груша сильногазований скло,limonati аджарський мандарин сильногазований скло,0.520000
limonati груша сильногазований скло,limonati сильногазований скло цитрус,0.760000
limonati сильногазований скло тархун,limonati аджарський мандарин сильногазований скло,0.560000
limonati сильногазований скло тархун,limonati сильногазований скло цитрус,0.800000
limonati сильногазований скло тархун,limonati груша сильногазований скло,0.760000
з негазований соком яблука,гaзoвaний з нaпій пет соком яблука,0.730000
соком яблука із,гaзoвaний з нaпій пет соком яблука,0.600000
соком яблука із,з негазований соком яблука,0.670000
груші зі сильногазований смаком соковмісний,з сильногазований соковий соком яблука,0.120000
зб лимонада соковмісний яблуко,апельсинперсик зб лимонада соковмісний,0.420000
зб лимонада мохіто соковмісний,апельсинперсик зб лимонада соковмісний,0.420000
зб лимонада мохіто соковмісний,зб лимонада соковмісний яблуко,0.670000
cилгаз лимонад соковмісний,cилгаз соковмісний тархун,0.630000
cилг мультифрукт соковмісний,cилгаз соковмісний тархун,0.550000
cилг мультифрукт соковмісний,cилгаз лимонад соковмісний,0.360000
мяталайм сильногазований соковмісний,беалкогольний пайнепсильногазований соковмісний твіст,0.190000
сильногазований чінотто,мяталайм сильногазований соковмісний,0.130000
zero,zero безалкoгoльний сильнoгазoваний,0.210000
cola пет,cola зб,1.000000
пет,пет сильногазований,0.000000
cola пет,black пет сильногазований,0.440000
cola зі манго нуль смаком цукру,cola,0.320000
cola нуль пет цукру,cola пет,0.420000
cola нуль пет цукру,cola зб,0.420000
cola нуль пет цукру,пет сильногазований,0.000000
cola нуль пет цукру,black пет сильногазований,0.200000
indian tonic соковмісний,classic mojito соковмісний,0.310000
tangerine зб сильногазований соковмісний,classic mojito соковмісний,0.170000
tangerine зб сильногазований соковмісний,indian tonic соковмісний,0.290000
tangerine зб сильногазований соковмісний,гранат зб сильногазований,0.000000
нектар освітлений яблучновиноградний,нектар окздх яблуко,0.420000
нектар освітлений яблучновиноградний,гранат нектар окздх,0.330000
нектар освітлений яблучновиноградний,мультифруктовий нектар окздх,0.360000
нектар освітлений яблучновиноградний,виноградяблуко нектар та яблуковиноград,0.550000
нектар освітлений яблучновиноградний,мультифруктовий нектар неосвітлений окздх пастеризований,0.360000
нектар освітлений яблучновиноградний,вишневий нектар окздх,0.380000
нектар освітлений яблучновиноградний,нектар яблуковиноград,0.810000
нектар освітлений яблучновиноградний,апельсиновий нектар окздх тетрапак,0.400000
нектар освітлений яблучновиноградний,мультифруктовий нектар окздх серія тропічна,0.290000
мультифруктовий нектар,мультифруктовий нектар окздх,1.000000
мультифруктовий нектар,нектар окздх яблуко,0.380000
мультифруктовий нектар,гранат нектар окздх,0.190000
мультифруктовий нектар,виноградяблуко нектар та яблуковиноград,0.320000
мультифруктовий нектар,мультифруктовий нектар окздх серія тропічна,0.670000
мультифруктовий нектар,апельсиновий нектар окздх тетрапак,0.520000
мультифруктовий нектар,нектар яблуковиноград,0.410000
мультифруктовий нектар,нектар освітлений яблучновиноградний,0.360000
мультифруктовий нектар,мультифруктовий нектар неосвітлений окздх пастеризований,1.000000
мультифруктовий нектар,вишневий нектар окздх,0.350000
нектар яблучний,мультифруктовий нектар,0.350000
нектар яблучний,нектар яблуко,0.570000
нектар яблучний,мультифруктовий нектар неосвітлений окздх пастеризований,0.350000
нектар яблучний,вишневий нектар окздх,0.380000
апельсиновий нектар,апельсиновий нектар окздх тетрапак,1.000000
апельсиновий нектар,нектар яблуковиноград,0.310000
апельсиновий нектар,мультифруктовий нектар окздх серія тропічна,0.330000
апельсиновий нектар,нектар освітлений яблучновиноградний,0.400000
вишневий нектар,мультифруктовий нектар,0.350000
вишневий нектар,нектар окздх яблуко,0.000000
вишневий нектар,гранат нектар окздх,0.140000
вишневий нектар,мультифруктовий нектар окздх,0.350000
мультивітамін нектар,мультивітамін нектар,1.000000
вишневий нектар,вишня нектар,0.620000
вишневий нектар,мультивітамін нектар,0.190000
вишневий нектар,лимон нектар,0.310000
гранатовий нектар,вишня нектар,0.270000
гранатовий нектар,мультивітамін нектар,0.170000
гранатовий нектар,вишневий нектар,0.440000
caribs sunny банановоананасовококосовий нектар неосвітлений,вишня нектар,0.090000
caribs sunny банановоананасовококосовий нектар неосвітлений,мультивітамін нектар,0.120000
caribs sunny банановоананасовококосовий нектар неосвітлений,вишневий нектар,0.210000
caribs sunny банановоананасовококосовий нектар неосвітлений,гранатовий нектар,0.290000
грейпфрут коктейльна колекція нектар неосвітлений,caribs sunny банановоананасовококосовий нектар неосвітлений,0.210000
грейпфрут коктейльна колекція нектар неосвітлений,гранатовий нектар,0.260000
грейпфрут коктейльна колекція нектар неосвітлений,мультивітамін нектар,0.240000
грейпфрут коктейльна колекція нектар неосвітлений,лимон нектар,0.120000
нектар яблучновиноградний,мультифруктовий нектар,0.360000
нектар яблучновиноградний,ананасовояблучний нектар садoчoк,0.420000
нектар яблучновиноградний,нектар яблучновишневий,0.730000
нектар яблучновиноградний,нектар тетрапак яблучногранатовий,0.740000
нектар яблучновиноградний,нектар яблуковиноград,0.810000
нектар освітлений яблуковиноград,нектар яблуковиноград,1.000000
апельсиновояблучний нектар неосвітлений,ананасовояблучний нектар садoчoк,0.590000
апельсиновояблучний нектар неосвітлений,нектар яблучновишневий,0.470000
апельсиновояблучний нектар неосвітлений,нектар тетрапак яблучногранатовий,0.440000
апельсиновояблучний нектар неосвітлений,нектар яблуковиноград,0.300000
ананасовояблучний нектар неосвітлений,ананасовояблучний нектар садoчoк,0.810000
ананасовояблучний нектар неосвітлений,апельсиновояблучний нектар неосвітлений,0.720000
ананасовояблучний нектар неосвітлений,нектар яблучновиноградний,0.460000
ананасовояблучний нектар неосвітлений,нектар яблучновишневий,0.500000
апельсиновий нектар,select гранат нектар тетрапак,0.160000
апельсиновий нектар,fitness апельсиновогрейпфрутовий екстрактом з листя нектар стевії,0.350000
апельсиновий нектар,вишня нектар,0.240000
апельсиновий нектар,ананас нектар,0.220000
мультифруктовий нектар тропічні фрукти,select гранат нектар тетрапак,0.180000
мультифруктовий нектар тропічні фрукти,fitness апельсиновогрейпфрутовий екстрактом з листя нектар стевії,0.390000
мультифруктовий нектар тропічні фрукти,вишня нектар,0.170000
мультифруктовий нектар тропічні фрукти,ананас нектар,0.050000
апельсиновогрейпфрутовий нектар,fitness апельсиновогрейпфрутовий екстрактом з листя нектар стевії,0.600000
апельсиновогрейпфрутовий нектар,select гранат нектар тетрапак,0.160000
апельсиновогрейпфрутовий нектар,вишня нектар,0.140000
апельсиновогрейпфрутовий нектар,ананас нектар,0.130000
вишневий нектар,апельсиновий нектар,0.500000
вишневий нектар,мультифруктовий нектар тропічні фрукти,0.210000
вишневий нектар,апельсиновогрейпфрутовий нектар,0.380000
вишневий нектар,select гранат нектар тетрапак,0.100000
гранатовий нектар,select гранат нектар тетрапак,0.520000
гранатовий нектар,fitness апельсиновогрейпфрутовий екстрактом з листя нектар стевії,0.210000
гранатовий нектар,ананас нектар,0.380000
банановополуничний нектар,select гранат нектар тетрапак,0.190000
банановополуничний нектар,fitness апельсиновогрейпфрутовий екстрактом з листя нектар стевії,0.240000
банановополуничний нектар,вишня нектар,0.260000
банановополуничний нектар,ананас нектар,0.330000
мультифруктовий сік,віджиму прямого сік яблучний,0.310000
мультифруктовий сік,з мультифрукт мякоттю сік,0.710000
мультифруктовий сік,додаванням з морської солі стерилізований сік томатний,0.290000
мультифруктовий сік,пастеризований сік яблучногрушевий,0.400000
неосвітлений сік яблучногрушевий,неосвітлений пастеризований сік яблучний,0.700000
неосвітлений сік яблучногрушевий,з мультифрукт мякоттю сік,0.180000
неосвітлений сік яблучний,неосвітлений пастеризований сік яблучний,1.000000
неосвітлений сік яблучний,неосвітлений сік яблучногрушевий,0.700000
неосвітлений сік яблучний,з мультифрукт мякоттю сік,0.150000
віджиму прямого сік яблучний,віджиму прямого сік яблучний,1.000000
мікс сік ягідний,віджиму прямого сік яблучний,0.390000
мікс сік ягідний,з мультифрукт мякоттю сік,0.260000
мікс сік ягідний,додаванням з морської солі стерилізований сік томатний,0.310000
мікс сік ягідний,пастеризований сік яблучногрушевий,0.300000
віджиму прямого сік яблучногрушевий,віджиму прямого сік яблучний,0.870000
віджиму прямого сік яблучногрушевий,пастеризований сік яблучногрушевий,0.650000
віджиму прямого сік яблучногрушевий,з мультифрукт мякоттю сік,0.240000
з мякоттю сік томатний,сaдoчoк сік яблучномалиновосуничний імуніті,0.290000
з мякоттю сік томатний,з сік сіллю томат,0.520000
з мякоттю сік томатний,персиковояблучний сік тетрапак,0.360000
з мякоттю персикяблуко сік,з мякоттю сік томатний,0.500000
з мякоттю персикяблуко сік,сaдoчoк сік яблучномалиновосуничний імуніті,0.240000
з мякоттю персикяблуко сік,з сік сіллю томат,0.190000
з мякоттю персикяблуко сік,персиковояблучний сік тетрапак,0.540000
мультивітамін сік,сaдoчoк сік яблучномалиновосуничний імуніті,0.270000
мультивітамін сік,з сік сіллю томат,0.250000
мультивітамін сік,персиковояблучний сік тетрапак,0.200000
мультивітамін сік,з мякоттю сік томатний,0.340000
з мультивітамінний мякоттю сік,з мякоттю нaш окздх сік сік тeтpaпaк яблучноперсиковий,0.260000
з мультивітамінний мякоттю сік,окздх сік яблучноморквяний,0.250000
освітлений сік яблучний,нектар освітлений яблучновиноградний,0.620000
освітлений сік яблучний,з мякоттю нaш окздх сік сік тeтpaпaк яблучноперсиковий,0.350000
освітлений сік яблучний,окздх сік яблучноморквяний,0.670000
освітлений сік яблучний,з мультивітамінний мякоттю сік,0.250000
з мякоттю сік томатний,мультивітамін окздх сік тетрапак,0.340000
з мякоттю сік яблучноперсиковий,окздх сік томат,0.130000
з мякоттю сік яблучноперсиковий,з мякоттю нaш окздх сік сік тeтpaпaк яблучноперсиковий,0.790000
з мякоттю сік яблучноперсиковий,з мультивітамінний мякоттю сік,0.290000
з мякоттю сік яблучноперсиковий,окздх сік яблучноморквяний,0.590000
з мякоттю сік яблучноперсиковий,освітлений сік яблучний,0.480000
з мякоттю сік томатний,з мякоттю сік яблучноперсиковий,0.540000
з мякоттю сік томатний,окздх сік томат,0.480000
банан малина смузі,дoйпaк пюре смузі тропік фруктове,0.270000
банан малина смузі,бананполуниця пюре смузі фруктове,0.510000
exclusive морською сік сіллю томатний із,exclusive манговий нектар,0.590000
сік томатний,з сік сіллю тетрапак томатний,0.730000
сік томатний,сік яблуко,0.140000
сік томатний,апельсин сік,0.250000
апельсиновий сік,з сік сіллю тетрапак томатний,0.310000
апельсиновий сік,сік яблуко,0.220000
апельсиновий сік,апельсин сік,0.800000
апельсиновий сік,сік томатний,0.400000
flamin hot з пікантний сік сіллю томатний,з сік сіллю тетрапак томатний,0.570000
flamin hot з пікантний сік сіллю томатний,сік томатний,0.370000
flamin hot з пікантний сік сіллю томатний,апельсиновий сік,0.210000
flamin hot з пікантний сік сіллю томатний,сік яблуко,0.100000
сік томатний,з сік сіллю тeтpaпaк томатний,0.520000
з морською сік сіллю томатний,сік тетpaпaк яблуко,0.210000
zero сильногазований,сильногазований,0.000000
coffee plus карамель,coffee plus сильногазований,0.710000
зб сильногазований,сильногазований,0.000000
зб сильногазований,coffee plus сильногазований,0.000000
coffee plus,coffee plus сильногазований,1.000000
coffee plus,coffee plus карамель,0.710000
zero сильногазований,vanilla сильногазований,0.000000
сильногазований,vanilla сильногазований,0.000000÷
cherry сильногазований,vanilla сильногазований,0.000000
cherry сильногазований,zero сильногазований,0.400000
cherry сильногазований,сильногазований,0.000000
cola,cola нуль цукру,0.420000
пепсікола сильногазований,зі лимону нуль сильногазований смаком цукру,0.150000
нуль пепсі сильногазований цукру,зі лимону нуль сильногазований смаком цукру,0.610000
нуль пепсі сильногазований цукру,пепсікола сильногазований,0.480000
cola зі лимон нуль смаком цукру,cola нуль цукру,0.830000
cola зі лимон нуль смаком цукру,cola,0.320000
вишні зі нуль сильногазований смаком цукру,cola нуль цукру,0.710000
вишні зі нуль сильногазований смаком цукру,cola зі лимон нуль смаком цукру,0.700000
вишні зі нуль сильногазований смаком цукру,зі лимону нуль сильногазований смаком цукру,0.790000
вишні зі нуль сильногазований смаком цукру,нуль пепсі сильногазований цукру,0.630000
вишні зі нуль сильногазований смаком цукру,пепсікола сильногазований,0.160000
зі манго нуль сильногазований смаком цукру,зі лимону нуль сильногазований смаком цукру,0.790000
зі манго нуль сильногазований смаком цукру,нуль пепсі сильногазований цукру,0.630000
зі манго нуль сильногазований смаком цукру,вишні зі нуль сильногазований смаком цукру,0.750000
зі манго нуль сильногазований смаком цукру,пепсікола сильногазований,0.160000
вишні зі нуль сильногазований смаком цукру,cola зі манго нуль смаком цукру,0.650000
cola зі лимон нуль смаком цукру,cola зі манго нуль смаком цукру,0.860000
cola нуль цукру,cola зі манго нуль смаком цукру,0.830000
cola зб нуль цукру,cola нуль пет цукру,1.000000
cola зб нуль цукру,cola зб,0.420000
cola зб нуль цукру,cola пет,0.420000
mix tropical газований зб,chill газований зб,0.240000
